ISO,Year,trained_teacher_ratio
AND,2019,10.51581954956055
AND,2020,10.33090019226074
AND,2023,10.21770000457764
ARE,2019,18.59927940368652
ARE,2020,16.7022590637207
ARE,2023,14.83323001861572
ARM,2019,29.06796073913574
ARM,2020,25.56609916687012
ARM,2023,23.64879989624023
AZE,2019,15.78862953186035
AZE,2020,16.23922920227051
AZE,2023,15.96916007995605
BDI,2019,42.92427825927734
BEN,2019,57.40560150146484
BEN,2020,49.731689453125
BFA,2019,44.46897888183594
BFA,2020,41.49237060546875
BFA,2023,37.40526962280273
BGD,2023,54.70905522810585
BHR,2019,12.24302005767822
BHR,2023,13.1278600692749
BHS,2019,21.96873092651367
BHS,2023,11.7495002746582
BLR,2019,19.53377914428711
BLR,2020,19.62812995910645
BLR,2023,20.22430992126465
BLZ,2019,23.34939956665039
BLZ,2020,22.11494064331055
BLZ,2023,20.03898048400879
BOL,2019,20.53963088989258
BOL,2020,20.52629089355469
BOL,2023,20.23269081115723
BRA,2019,21.96556091308594
BRA,2020,21.50532913208008
BRA,2023,20.91659927368164
BRB,2019,18.9476203918457
BRB,2020,17.36643028259277
BRB,2023,14.09418964385986
BRN,2019,11.28119608970673
BRN,2020,10.93162393162393
BRN,2023,11.76234003656307
BTN,2019,36.2329705763805
BTN,2020,33.71464375223773
CIV,2019,41.59663009643555
CIV,2020,40.57406997680664
CIV,2023,43.91136932373047
CMR,2020,85.42525047109088
CMR,2023,59.88832855224609
COK,2019,16.70536041259766
COK,2020,16.26548957824707
COK,2023,15.55445957183838
COL,2019,23.67988014221191
COL,2020,24.09236907958984
COM,2023,37.04870530209618
CPV,2019,20.46290016174316
CPV,2020,19.73600959777832
CRI,2019,12.30906963348389
CRI,2020,12.13010025024414
CUB,2019,9.32347011566162
CUB,2020,8.978050231933594
CUB,2023,8.37125015258789
CYM,2019,14.40025997161865
CYM,2020,13.07005023956299
CYM,2023,12.67313003540039
CYP,2019,11.54907989501953
CYP,2020,11.56830024719238
DJI,2023,38.53234100341797
DMA,2019,18.61817932128906
DMA,2020,20.68561935424805
DMA,2023,15.79726028442383
DOM,2019,20.90909004211426
DOM,2020,19.83386993408203
DZA,2023,26.69075965881348
ECU,2020,27.82410049438477
ECU,2023,24.69391059875488
EGY,2019,29.53265953063965
EGY,2020,33.58266830444336
EGY,2023,35.53702926635742
ESP,2019,12.88941955566406
ESP,2020,12.80202960968018
ESP,2023,11.76556968688965
FJI,2019,21.22945022583008
FJI,2020,22.41160011291504
FJI,2023,18.14375490966221
FSM,2019,63.38990825688074
FSM,2020,58.73853211009175
FSM,2023,56.58851674641149
GAB,2019,51.50439266615737
GHA,2019,43.86690139770508
GHA,2020,36.66595077514648
GIB,2020,12.6315803527832
GIN,2019,63.24994435789005
GIN,2020,62.57157897949219
GMB,2019,42.22675532514369
GMB,2020,41.58453237410072
GRD,2023,21.04203987121582
GUY,2019,26.77471264367816
GUY,2020,26.0885795634293
GUY,2023,25.6392993927002
HKG,2019,13.74598026275635
HKG,2020,13.44939994812012
HKG,2023,12.48701953887939
IDN,2023,56.05390271227339
IND,2019,37.8267224822714
IND,2020,34.02681209362536
IND,2023,29.63732459143095
JAM,2019,20.50708961486816
JAM,2020,19.48937034606934
JAM,2023,16.41593933105469
JOR,2019,16.37527084350586
JOR,2020,17.21837997436523
JOR,2023,17.53516960144043
KAZ,2019,17.21456841311723
KAZ,2020,16.80319166657412
KAZ,2023,13.97149782904025
KGZ,2019,26.59766454352442
KGZ,2020,26.79063269558629
KGZ,2023,24.96166646123505
KHM,2019,41.93925857543945
KHM,2020,42.05889129638672
KHM,2023,48.95407476025647
KIR,2020,28.63134002685547
KIR,2023,26.0278205871582
KNA,2019,21.15686274509804
KNA,2020,20.54901960784314
KNA,2023,19.21052631578947
KOR,2019,16.5297908782959
KOR,2020,16.23953056335449
KWT,2020,8.635669708251953
LAO,2019,22.1568339945949
LAO,2020,22.14746221717481
LAO,2023,43.34984809534938
LBN,2023,35.51813125610352
LBR,2020,31.17440607522192
LCA,2019,15.47318611987382
LCA,2020,16.74683544303797
LCA,2023,18.30392074584961
LKA,2019,26.10202960476118
LKA,2020,26.32005466772275
LKA,2023,24.88527902754756
LSO,2019,34.87046632124353
LSO,2020,33.51322751322751
LSO,2023,31.27869674185464
LTU,2019,15.39859008789063
LTU,2020,15.19937992095947
LVA,2019,11.43490982055664
LVA,2020,11.48044013977051
MAC,2019,13.69108009338379
MAC,2020,13.51951026916504
MAC,2023,13.46158981323242
MAR,2019,25.79697036743164
MAR,2020,27.20549964904785
MAR,2023,25.91379928588867
MCO,2019,18.41666984558105
MCO,2020,14.93181991577148
MCO,2023,14.25352001190186
MDA,2019,17.96577072143555
MDA,2020,17.97249031066895
MDA,2023,18.37779998779297
MDG,2019,240.3867950439453
MDV,2019,11.50885780885781
MEX,2019,27.64682960510254
MEX,2020,26.8761100769043
MLI,2023,132.5951232910156
MLT,2019,15.75765037536621
MLT,2020,15.70888996124268
MNG,2019,34.24599434495759
MNG,2023,33.12678989846394
MOZ,2019,58.32365036010742
MOZ,2020,58.80096054077148
MRT,2019,42.05984878540039
MSR,2019,19.90909004211426
MUS,2019,15.203049659729
MUS,2020,13.97832012176514
MUS,2023,15.7803201675415
MYS,2019,12.32729911396273
MYS,2020,12.48722800761781
MYS,2023,13.56586589924018
NAM,2019,29.87898163899806
NAM,2020,29.03018086119044
NAM,2023,29.0964835504299
NER,2023,45.32265853881836
NIC,2023,50.03582000732422
NIU,2019,43.40000152587891
NPL,2019,20.29369926452637
NPL,2020,17.99765014648438
NPL,2023,23.1716275189321
NRU,2023,204.1000061035156
OMN,2019,10.34249973297119
OMN,2020,10.79806995391846
OMN,2023,11.54691028594971
PAK,2019,61.91595077514648
PER,2023,132.7497863769531
PHL,2019,25.65984547800502
PHL,2020,25.18740636543498
PLW,2023,11.97435897435897
POL,2019,9.13757038116455
PRT,2019,11.98412036895752
PRT,2020,11.77912044525146
PSE,2019,22.98699951171875
PSE,2020,21.43785095214844
PSE,2023,20.55674934387207
QAT,2019,12.15221977233887
QAT,2020,12.46370983123779
QAT,2023,12.39019966125488
RUS,2023,24.05298042297363
RWA,2019,60.23506927490234
RWA,2023,61.87123870849609
SAU,2019,13.64566993713379
SAU,2020,13.05632019042969
SDN,2019,46.24615097045898
SEN,2019,44.64291000366211
SEN,2020,45.31668090820313
SEN,2023,43.63637924194336
SGP,2019,14.51455020904541
SGP,2020,14.17671012878418
SLB,2019,29.91287349902262
SLE,2019,58.26645602948921
SLE,2020,59.78302079086833
SLE,2023,66.25402351704658
SLV,2023,27.26223945617676
SMR,2019,7.54794979095459
SMR,2020,16.35713958740234
SMR,2023,17.0
SUR,2020,12.90655040740967
SUR,2023,30.30933952331543
SYC,2019,17.50559997558594
SYC,2020,18.5
SYC,2023,17.2936897277832
SYR,2023,34.44034957885742
TCA,2020,13.00743007659912
TCA,2023,16.48356807511737
TCD,2023,90.3981475830078
TGO,2019,50.83993911743164
TGO,2020,51.78345108032227
TGO,2023,53.58546829223633
THA,2019,12.56761545601921
THA,2020,11.48713428911106
THA,2023,14.37059069152914
TKL,2019,13.91666984558105
TKL,2020,14.41666984558105
TKL,2023,19.375
TKM,2019,25.88422966003418
TKM,2020,25.97525024414063
TKM,2023,26.01326942443848
TON,2019,22.57824933687003
TON,2020,23.268758526603
TON,2023,21.17477003942181
TTO,2020,22.18197059631348
TTO,2023,19.46471977233887
TUN,2020,16.80271911621094
TUN,2023,15.81075954437256
TUV,2019,15.93976020812988
TUV,2023,23.09676933288574
UKR,2019,17.8732795715332
UKR,2020,17.22001075744629
UKR,2023,15.9659595489502
URY,2019,11.67621994018555
URY,2020,11.21068954467773
USA,2019,14.60816955566406
USA,2020,14.43729019165039
USA,2023,13.38951015472412
UZB,2019,21.09244404790963
UZB,2020,20.73770058117906
UZB,2023,21.01963263181379
VCT,2019,16.92167101827676
VCT,2020,16.87694300518135
VCT,2023,15.5537084398977
VEN,2023,14.14906978607178
VGB,2019,14.32291984558105
VGB,2020,12.45413017272949
VNM,2019,21.87440406087194
VNM,2020,23.14648754845219
VNM,2023,29.2816780276486
ZWE,2019,38.1538082798802
ZWE,2020,38.64182320070019
ZWE,2023,35.04826497673977
