Year,Quarter,All_Loan_Sizes,$1k–9k,$10k–24k,$25k–49k,$50k–99k,$100k–249k,$250k+
1999,4,1051926.0,63260.0,112099.0,126997.0,174266.0,236799.0,338506.0
2000,1,1333957.0,109035.0,169336.0,145658.0,191837.0,326655.0,391436.0
2000,2,922761.0,79545.0,113414.0,137081.0,123415.0,199123.0,270183.0
2000,3,926568.0,83900.0,133918.0,123899.0,121227.0,169822.0,293803.0
2000,4,922761.0,79545.0,113414.0,137081.0,123415.0,199123.0,270183.0
2001,1,1220545.0,70308.0,119925.0,136597.0,169980.0,293091.0,430645.0
2001,2,1366246.0,106537.0,153028.0,149858.0,168874.0,307431.0,480519.0
2001,3,917350.0,79631.0,114848.0,117215.0,116966.0,200522.0,288168.0
2001,4,1193405.0,69372.0,120081.0,113560.0,148228.0,273756.0,468408.0
2002,1,1378119.0,65838.0,117488.0,147207.0,198902.0,411277.0,437408.0
2002,2,1311444.0,107023.0,161934.0,153998.0,177991.0,358494.0,352004.0
2002,3,1179575.0,86291.0,122683.0,127392.0,133847.0,238481.0,470881.0
2002,4,1107492.0,70479.0,108218.0,129158.0,139208.0,179639.0,480790.0
2003,1,1393779.0,63460.0,114040.0,141905.0,210577.0,391724.0,472073.0
2003,2,1096244.0,81745.0,116136.0,112839.0,183361.0,272175.0,329988.0
2003,3,1013946.0,67788.0,100551.0,98165.0,138518.0,195173.0,413752.0
2003,4,1157387.0,66954.0,108583.0,135196.0,165482.0,235760.0,445412.0
2004,1,1590198.0,64503.0,102953.0,130714.0,195999.0,316163.0,779865.0
2004,2,1404564.0,80437.0,137125.0,129724.0,168499.0,274781.0,613997.0
2004,3,1181257.0,70614.0,111913.0,99301.0,123466.0,206182.0,569780.0
2004,4,1265697.0,50525.0,85870.0,118577.0,172328.0,291374.0,547024.0
2005,1,1265697.0,50525.0,85870.0,118577.0,172328.0,291374.0,547024.0
2005,2,1641000.0,76613.0,120591.0,117801.0,157561.0,330130.0,838304.0
2005,3,1293796.0,63923.0,99008.0,112475.0,162868.0,208255.0,647267.0
2005,4,995330.0,46065.0,83016.0,96969.0,135260.0,254435.0,379586.0
2006,1,1424592.0,57600.0,96949.0,121215.0,200827.0,373187.0,574816.0
2006,2,1752293.0,67112.0,137717.0,139528.0,184165.0,349204.0,874566.0
2006,3,1407870.0,53071.0,114759.0,116056.0,148047.0,253412.0,722525.0
2006,4,1375464.0,46773.0,95398.0,117126.0,189857.0,249429.0,676883.0
2007,1,1559577.0,45600.0,98735.0,115774.0,169189.0,377137.0,753141.0
2007,2,1362503.0,69377.0,136994.0,148831.0,209012.0,300026.0,498263.0
2007,3,1221443.0,52049.0,112114.0,124368.0,163799.0,243163.0,525950.0
2007,4,1614310.0,54581.0,116951.0,145611.0,196987.0,320867.0,779314.0
2008,1,1873586.0,45626.0,112728.0,129037.0,176566.0,411359.0,998270.0
2008,2,1815415.0,59663.0,119484.0,149060.0,206314.0,393701.0,887192.0
2008,3,1637133.0,50578.0,114526.0,127389.0,163434.0,311720.0,869486.0
2008,4,1867655.0,51535.0,123837.0,142686.0,221284.0,379072.0,949240.0
2009,1,2093048.0,46677.0,109233.0,134821.0,212940.0,382960.0,1206415.0
2009,2,1367355.0,54408.0,118618.0,138429.0,176588.0,302804.0,576508.0
2009,3,1261464.0,55223.0,110448.0,131061.0,165669.0,246405.0,552660.0
2009,4,1528063.0,45556.0,113179.0,133614.0,181527.0,276309.0,777878.0
2010,1,1507746.0,43776.0,97708.0,125016.0,199412.0,360346.0,681487.0
2010,2,1532822.0,56482.0,118342.0,140941.0,204667.0,294069.0,718321.0
1999,4,31823.0,15627.0,7487.0,3743.0,2659.0,1661.0,645.0
2000,1,49344.0,27769.0,11462.0,4392.0,2859.0,2177.0,685.0
2000,2,34682.0,19378.0,7508.0,4030.0,1860.0,1440.0,466.0
2000,3,40494.0,24055.0,9073.0,3788.0,1851.0,1220.0,506.0
2000,4,34682.0,19378.0,7508.0,4030.0,1860.0,1440.0,466.0
2001,1,35460.0,18304.0,7875.0,4016.0,2539.0,2018.0,707.0
2001,2,48220.0,27662.0,10544.0,4477.0,2577.0,2092.0,868.0
2001,3,36857.0,21827.0,7935.0,3450.0,1771.0,1354.0,520.0
2001,4,34093.0,17647.0,8173.0,3350.0,2181.0,1900.0,843.0
2002,1,36824.0,18017.0,7894.0,4403.0,2980.0,2694.0,836.0
2002,2,50142.0,28867.0,10784.0,4486.0,2773.0,2429.0,803.0
2002,3,39660.0,23266.0,8281.0,3791.0,2051.0,1554.0,718.0
2002,4,33345.0,18363.0,7147.0,3746.0,2138.0,1218.0,733.0
2003,1,35734.0,17096.0,7636.0,4146.0,3201.0,2697.0,957.0
2003,2,38509.0,22057.0,7881.0,3439.0,2668.0,1820.0,642.0
2003,3,32794.0,19014.0,6756.0,2987.0,2074.0,1321.0,642.0
2003,4,32144.0,16271.0,7321.0,3822.0,2509.0,1545.0,675.0
2004,1,33697.0,16619.0,6852.0,3933.0,2968.0,2120.0,1205.0
2004,2,39705.0,21609.0,8956.0,3855.0,2551.0,1880.0,853.0
2004,3,33547.0,18719.0,7671.0,2980.0,1940.0,1483.0,754.0
2004,4,28951.0,14163.0,5828.0,3385.0,2596.0,1958.0,1020.0
2005,1,28951.0,14163.0,5828.0,3385.0,2596.0,1958.0,1020.0
2005,2,36797.0,19336.0,8251.0,3510.0,2396.0,2153.0,1151.0
2005,3,31569.0,16578.0,6854.0,3352.0,2511.0,1482.0,792.0
2005,4,24573.0,11705.0,5556.0,2910.0,2003.0,1712.0,688.0
2006,1,31597.0,15168.0,6426.0,3685.0,2947.0,2424.0,947.0
2006,2,32220.0,12460.0,9290.0,4239.0,2784.0,2343.0,1104.0
2006,3,26007.0,9786.0,7635.0,3492.0,2260.0,1691.0,1143.0
2006,4,23683.0,8419.0,6354.0,3404.0,2833.0,1702.0,971.0
2007,1,24902.0,8519.0,6553.0,3492.0,2500.0,2593.0,1245.0
2007,2,32477.0,12802.0,9057.0,4477.0,3204.0,2022.0,915.0
2007,3,26087.0,9921.0,7404.0,3750.0,2501.0,1714.0,797.0
2007,4,28395.0,10110.0,7785.0,4234.0,2972.0,2092.0,1202.0
2008,1,26119.0,8100.0,7281.0,3833.0,2651.0,2734.0,1520.0
2008,2,30854.0,11088.0,8112.0,4472.0,3160.0,2608.0,1414.0
2008,3,26226.0,9212.0,7853.0,3731.0,2488.0,1976.0,968.0
2008,4,28540.0,9252.0,8025.0,4242.0,3226.0,2550.0,1245.0
2009,1,27299.0,8684.0,7272.0,3987.0,3102.0,2612.0,1641.0
2009,2,27794.0,10142.0,7871.0,4112.0,2664.0,2064.0,941.0
2009,3,26591.0,10381.0,7460.0,3819.0,2470.0,1635.0,827.0
2009,4,25414.0,8354.0,7685.0,3904.0,2680.0,1854.0,937.0
2010,1,24971.0,8151.0,6467.0,3660.0,2986.0,2384.0,1324.0
2010,2,28299.0,10202.0,7814.0,4152.0,3062.0,1951.0,1117.0
1999,4,14.73,9.95,11.91,13.59,20.01,16.29,13.2
2000,1,17.77,11.34,12.09,11.65,23.38,23.9,16.38
2000,2,14.16,9.11,11.49,16.3,16.54,13.4,15.21
2000,3,17.88,9.09,11.49,15.34,16.57,21.7,22.71
2000,4,14.16,9.11,11.49,16.3,16.54,13.4,15.21
2001,1,26.29,10.01,14.19,14.02,25.53,28.52,35.07
2001,2,21.62,11.42,12.08,13.86,17.57,29.15,25.92
2001,3,21.03,9.37,11.94,15.89,16.34,19.56,32.8
2001,4,14.83,7.89,11.01,13.41,12.54,16.28,17.08
2002,1,20.65,10.27,12.84,17.32,17.62,32.43,15.76
2002,2,22.13,10.63,13.03,13.92,23.51,26.68,28.58
2002,3,13.58,9.56,10.06,11.39,12.99,21.93,11.86
2002,4,21.11,8.02,8.97,9.55,13.38,21.57,30.86
2003,1,24.08,10.42,12.21,15.64,28.22,32.09,22.79
2003,2,27.01,11.09,13.96,15.18,22.39,37.78,33.18
2003,3,32.04,10.81,12.11,13.32,13.61,31.2,51.1
2003,4,19.38,8.43,10.84,11.48,15.73,22.02,25.44
2004,1,19.83,10.15,14.14,18.66,18.57,29.54,17.95
2004,2,21.58,11.11,12.59,14.3,19.37,29.82,23.38
2004,3,17.96,9.8,13.14,13.56,17.43,21.26,19.62
2004,4,24.03,8.95,12.25,21.42,17.76,33.55,24.66
2005,1,24.03,8.95,12.25,21.42,17.76,33.55,24.66
2005,2,22.31,11.53,12.95,19.26,18.57,23.76,25.11
2005,3,24.14,8.5,12.41,13.03,19.55,22.82,30.91
2005,4,21.02,9.73,10.95,12.03,15.46,22.17,28.03
2006,1,17.35,10.63,13.74,15.89,21.14,17.67,17.43
2006,2,18.94,11.38,12.74,13.77,19.18,21.22,20.34
2006,3,25.55,8.66,12.42,13.41,22.92,36.5,27.45
2006,4,20.81,8.12,11.32,14.61,19.43,18.2,25.37
2007,1,22.13,9.67,14.67,15.94,14.77,33.39,20.78
2007,2,21.02,11.12,12.55,16.3,23.13,31.27,18.99
2007,3,23.79,11.08,12.18,18.71,15.43,21.38,32.66
2007,4,19.2,9.01,11.1,13.7,17.17,18.73,22.82
2008,1,23.1,9.26,12.86,17.87,20.1,27.82,24.18
2008,2,29.47,10.64,12.71,15.44,18.69,26.1,39.19
2008,3,23.85,9.67,11.58,15.33,19.14,28.52,26.7
2008,4,26.46,8.9,10.35,12.27,15.27,24.18,34.94
2009,1,18.28,10.14,14.02,14.85,19.8,19.59,18.67
2009,2,20.85,10.45,12.92,12.15,15.96,35.31,19.56
2009,3,18.68,9.19,10.99,13.01,17.1,23.19,20.96
2009,4,15.33,8.06,8.91,10.95,16.5,22.71,14.57
2010,1,18.92,9.53,10.86,12.31,16.82,15.52,24.24
2010,2,23.76,10.32,12.33,18.11,18.68,18.41,31.38
1999,4,7.02,5.31,6.48,7.86,11.25,8.84,3.77
2000,1,7.16,5.43,6.16,4.98,14.03,9.66,3.41
2000,2,4.94,4.91,6.33,7.11,5.25,5.23,2.89
2000,3,5.25,4.2,6.16,4.88,3.8,12.71,1.56
2000,4,4.94,4.91,6.33,7.11,5.25,5.23,2.89
2001,1,8.96,4.5,7.38,5.59,6.91,8.44,12.33
2001,2,5.83,5.52,6.25,7.79,5.8,7.98,3.8
2001,3,7.39,4.01,6.01,8.61,5.51,12.01,5.95
2001,4,5.36,3.78,5.42,7.26,4.39,5.51,5.33
2002,1,8.03,4.12,6.93,7.75,6.27,9.94,8.03
2002,2,7.25,3.91,5.59,5.78,7.84,9.66,6.92
2002,3,4.07,4.1,4.1,5.41,5.06,7.93,1.51
2002,4,5.13,2.99,3.98,3.72,5.95,5.64,5.64
2003,1,7.85,4.45,4.73,6.72,10.21,8.45,7.86
2003,2,10.8,4.14,6.02,8.02,9.64,13.21,13.75
2003,3,6.56,3.74,4.42,4.98,4.29,7.93,8.02
2003,4,4.59,3.35,4.74,4.91,7.19,4.88,3.54
2004,1,5.97,4.46,5.6,8.43,8.06,8.35,4.25
2004,2,5.49,4.34,5.91,5.51,8.01,10.84,2.46
2004,3,7.61,4.1,7.06,4.91,8.35,8.02,8.32
2004,4,8.57,3.33,6.2,9.22,6.77,15.15,6.32
2005,1,8.57,3.33,6.2,9.22,6.77,15.15,6.32
2005,2,4.63,4.4,5.2,6.02,4.76,6.14,3.77
2005,3,6.98,3.06,4.96,6.33,10.51,7.56,6.7
2005,4,7.16,4.68,6.03,4.19,9.83,10.04,5.59
2006,1,6.47,4.4,6.93,7.75,9.87,7.01,4.8
2006,2,6.15,4.32,5.87,5.88,6.69,9.26,5.02
2006,3,7.45,2.84,4.06,6.43,9.77,13.2,6.0
2006,4,8.75,3.35,5.65,5.98,8.14,7.51,10.67
2007,1,7.89,4.7,6.62,7.33,5.58,15.34,5.13
2007,2,8.92,4.09,5.11,6.76,9.83,16.5,6.31
2007,3,7.5,4.92,5.52,9.42,7.65,10.73,6.14
2007,4,7.38,3.86,5.01,7.52,9.38,5.69,8.14
2008,1,8.98,4.33,6.93,9.59,8.29,11.62,8.42
2008,2,13.02,4.13,5.3,6.53,6.84,10.69,18.22
2008,3,4.97,3.44,5.79,6.97,9.07,6.54,3.31
2008,4,7.03,3.42,4.55,6.18,6.23,4.78,8.75
2009,1,7.99,3.61,5.77,7.4,9.19,8.06,8.19
2009,2,6.01,3.84,4.75,4.55,5.77,10.49,4.54
2009,3,7.24,3.15,4.61,5.76,9.17,9.73,6.85
2009,4,5.24,3.15,3.92,4.89,8.67,12.82,2.12
2010,1,6.48,4.03,5.1,5.46,6.71,7.93,6.18
2010,2,8.17,3.83,5.18,8.65,8.44,5.91,9.75
1999,4,2.83,2.67,2.77,2.57,2.81,2.78,2.99
2000,1,2.93,2.71,2.78,2.86,3.02,2.63,3.25
2000,2,2.85,2.71,2.8,2.8,3.03,2.94,2.79
2000,3,3.02,2.77,2.81,2.88,2.89,3.02,3.24
2000,4,2.85,2.71,2.8,2.8,3.03,2.94,2.79
2001,1,3.01,2.85,2.78,2.88,2.78,2.84,3.32
2001,2,3.05,2.79,2.75,2.93,3.1,2.96,3.25
2001,3,3.08,2.81,2.8,2.93,3.15,2.96,3.34
2001,4,3.06,2.69,2.91,2.97,3.03,2.97,3.24
2002,1,2.91,2.7,2.86,2.76,2.78,2.82,3.14
2002,2,3.06,2.77,2.93,3.07,3.19,2.99,3.21
2002,3,3.26,2.86,2.95,3.01,3.14,3.11,3.55
2002,4,2.91,2.9,2.89,2.68,3.1,3.26,2.78
2003,1,2.93,2.9,2.91,2.83,2.67,2.94,3.07
2003,2,2.93,2.88,2.96,2.99,2.74,2.88,3.05
2003,3,3.2,2.91,2.99,3.14,3.01,3.27,3.32
2003,4,3.15,2.92,2.96,2.82,2.94,3.16,3.43
2004,1,2.98,2.93,2.85,2.85,2.66,3.17,3.05
2004,2,3.07,2.84,2.83,3.0,2.92,2.9,3.36
2004,3,2.95,2.67,2.75,2.92,2.86,2.87,3.12
2004,4,2.82,2.96,2.86,2.82,2.79,2.76,2.83
2005,1,2.82,2.96,2.86,2.82,2.79,2.76,2.83
2005,2,3.25,2.92,2.89,2.98,3.02,2.98,3.48
2005,3,3.05,2.93,2.91,3.0,2.8,3.08,3.12
2005,4,2.94,2.9,2.82,2.94,2.85,2.92,3.0
2006,1,2.97,2.83,2.91,2.82,2.83,2.77,3.18
2006,2,2.96,2.83,2.85,2.88,2.92,2.91,3.03
2006,3,3.03,2.95,2.84,2.85,2.89,3.08,3.12
2006,4,2.99,2.88,2.87,2.89,2.74,2.88,3.13
2007,1,2.98,2.82,2.88,2.81,2.98,2.79,3.11
2007,2,3.05,2.79,2.85,2.86,2.97,3.16,3.16
2007,3,3.01,2.84,2.87,2.8,2.77,3.01,3.15
2007,4,3.07,2.89,2.74,2.74,2.93,2.83,3.32
2008,1,2.9,2.8,2.7,2.89,2.88,2.87,2.94
2008,2,3.0,2.87,2.88,3.03,2.93,2.91,3.07
2008,3,3.08,2.89,2.88,2.77,2.97,3.13,3.16
2008,4,3.09,2.86,2.84,2.87,2.89,2.91,3.28
2009,1,3.08,3.0,2.92,2.86,2.84,2.99,3.17
2009,2,3.19,2.88,2.99,2.96,3.12,3.27,3.28
2009,3,3.23,2.99,2.98,2.91,3.26,3.12,3.41
2009,4,3.22,2.99,2.88,3.09,3.01,3.33,3.31
2010,1,3.09,3.01,2.94,3.03,3.02,3.06,3.17
2010,2,3.19,2.94,2.95,3.06,3.11,3.36,3.22
1999,4,9.17,9.88,9.68,9.46,9.45,8.93,8.77
2000,1,9.69,10.24,10.08,10.08,9.91,9.63,9.17
2000,2,9.99,10.59,10.47,10.37,10.07,10.09,9.32
2000,3,10.17,10.66,10.62,10.52,10.25,10.21,9.63
2000,4,9.99,10.59,10.47,10.37,10.07,10.09,9.32
2001,1,9.17,10.1,9.78,9.74,9.38,9.27,8.53
2001,2,8.35,9.26,8.91,8.81,8.45,8.2,7.88
2001,3,7.77,8.86,8.56,8.24,7.86,7.54,7.08
2001,4,6.22,7.9,7.44,7.08,6.62,6.11,5.38
2002,1,6.39,7.59,7.19,7.1,6.58,6.47,5.59
2002,2,6.28,7.22,6.93,6.65,6.34,6.29,5.5
2002,3,5.76,7.28,6.97,6.78,6.34,5.74,4.74
2002,4,5.56,7.08,6.71,6.73,5.77,5.38,4.76
2003,1,5.73,6.82,6.48,6.19,6.1,5.9,4.96
2003,2,6.04,6.81,6.55,6.28,6.31,6.18,5.33
2003,3,5.34,6.47,6.17,5.89,5.55,5.44,4.71
2003,4,5.04,6.42,6.17,6.0,5.53,4.93,4.14
2004,1,5.42,6.54,6.24,5.88,5.73,5.6,4.99
2004,2,5.29,6.49,6.21,5.77,5.5,5.28,4.77
2004,3,5.51,6.6,6.49,6.04,5.82,5.44,5.04
2004,4,6.63,7.3,6.92,6.89,6.88,6.67,6.37
2005,1,0.01,0.01,0.01,0.01,0.01,0.01,0.01
2005,2,6.59,7.56,7.42,7.14,6.78,6.9,6.15
2005,3,6.77,7.74,7.62,7.54,6.93,6.85,6.34
2005,4,7.44,8.3,8.05,7.73,7.78,7.44,7.01
2006,1,7.98,8.52,8.45,8.26,8.14,8.06,7.67
2006,2,8.09,8.66,8.77,8.61,8.48,8.28,7.7
2006,3,8.59,9.31,9.17,8.86,8.69,8.58,8.39
2006,4,8.37,9.2,9.02,9.05,8.69,8.42,8.0
2007,1,8.57,9.23,9.05,8.95,8.74,8.51,8.39
2007,2,8.62,9.17,9.13,8.97,8.94,8.52,8.23
2007,3,8.39,9.13,9.14,8.96,8.62,8.39,7.95
2007,4,7.71,8.65,8.47,8.42,8.17,7.86,7.23
2008,1,6.56,7.63,7.42,7.02,6.82,6.64,6.27
2008,2,5.84,6.72,6.48,6.32,6.12,5.87,5.54
2008,3,5.34,6.68,6.55,6.33,6.03,5.69,4.71
2008,4,4.99,6.15,6.11,5.77,5.63,5.14,4.45
2009,1,5.18,5.75,5.58,5.29,5.4,4.87,5.18
2009,2,4.89,5.91,5.69,5.46,5.37,4.88,4.34
2009,3,4.87,5.84,5.68,5.61,5.39,4.71,4.34
2009,4,4.63,5.93,5.7,5.73,5.37,4.85,3.96
2010,1,5.21,5.88,5.87,5.57,5.42,5.23,4.94
2010,2,5.33,6.12,5.97,5.7,5.6,5.07,5.11
1999,4,0.07,0.08,0.12,0.19,0.07,0.16,0.1
2000,1,0.14,0.08,0.07,0.05,0.16,0.11,0.34
2000,2,0.06,0.09,0.1,0.06,0.08,0.08,0.25
2000,3,0.12,0.16,0.13,0.13,0.11,0.1,0.15
2000,4,0.09,0.09,0.07,0.04,0.09,0.14,0.18
2001,1,0.29,0.09,0.11,0.07,0.08,0.12,0.45
2001,2,0.08,0.06,0.08,0.11,0.15,0.05,0.18
2001,3,0.19,0.07,0.06,0.18,0.18,0.08,0.34
2001,4,0.18,0.09,0.11,0.16,0.24,0.18,0.19
2002,1,0.12,0.1,0.12,0.13,0.24,0.22,0.24
2002,2,0.21,0.15,0.11,0.12,0.12,0.23,0.4
2002,3,0.28,0.12,0.12,0.15,0.22,0.27,0.42
2002,4,0.33,0.22,0.2,0.25,0.25,0.28,0.45
2003,1,0.21,0.13,0.1,0.15,0.15,0.14,0.36
2003,2,0.17,0.15,0.14,0.18,0.12,0.17,0.28
2003,3,0.17,0.15,0.11,0.13,0.15,0.16,0.24
2003,4,0.15,0.15,0.17,0.16,0.23,0.18,0.13
2004,1,0.14,0.18,0.08,0.13,0.18,0.21,0.22
2004,2,0.15,0.17,0.14,0.17,0.11,0.17,0.26
2004,3,0.1,0.15,0.1,0.08,0.16,0.27,0.19
2004,4,0.07,0.15,0.1,0.07,0.11,0.12,0.11
2005,1,0.0,0.0,0.0,0.0,0.0,0.0,0.0
2005,2,0.17,0.11,0.11,0.1,0.14,0.13,0.25
2005,3,0.22,0.08,0.12,0.15,0.13,0.13,0.32
2005,4,0.14,0.11,0.04,0.14,0.17,0.06,0.18
2006,1,0.07,0.07,0.06,0.1,0.1,0.09,0.1
2006,2,0.11,0.11,0.06,0.09,0.15,0.09,0.13
2006,3,0.1,0.12,0.12,0.06,0.08,0.13,0.13
2006,4,0.27,0.08,0.08,0.07,0.1,0.11,0.34
2007,1,0.1,0.11,0.08,0.11,0.11,0.09,0.18
2007,2,0.07,0.08,0.04,0.06,0.07,0.11,0.18
2007,3,0.13,0.09,0.06,0.07,0.16,0.11,0.23
2007,4,0.14,0.12,0.07,0.1,0.13,0.09,0.18
2008,1,0.08,0.13,0.07,0.07,0.09,0.11,0.12
2008,2,0.24,0.15,0.13,0.2,0.21,0.22,0.26
2008,3,0.23,0.15,0.15,0.07,0.19,0.18,0.3
2008,4,0.18,0.22,0.15,0.16,0.12,0.12,0.26
2009,1,0.21,0.14,0.05,0.06,0.09,0.17,0.4
2009,2,0.11,0.19,0.12,0.12,0.11,0.17,0.29
2009,3,0.2,0.16,0.08,0.22,0.27,0.2,0.33
2009,4,0.24,0.18,0.08,0.23,0.18,0.39,0.32
2010,1,0.18,0.24,0.13,0.15,0.2,0.14,0.28
2010,2,0.17,0.11,0.15,0.1,0.1,0.17,0.3
1999,4,9.92,10.47,10.25,10.24,10.2,9.58,9.43
2000,1,10.47,10.79,10.78,10.7,10.5,10.25,9.71
2000,2,10.58,11.24,11.07,10.9,10.57,10.78,10.01
2000,3,10.97,11.37,11.3,11.03,10.99,11.02,10.47
2000,4,10.58,11.24,11.07,10.9,10.57,10.78,10.01
2001,1,9.96,10.62,10.46,10.38,9.96,9.79,9.5
2001,2,9.14,9.89,9.61,9.58,9.19,8.84,8.51
2001,3,8.6,9.64,9.25,8.96,8.5,8.33,7.52
2001,4,7.25,8.79,8.5,8.33,7.67,7.23,5.9
2002,1,7.64,8.5,8.03,8.0,7.64,7.52,6.96
2002,2,7.45,8.13,7.9,7.71,7.2,7.3,6.35
2002,3,7.0,8.16,8.01,7.76,7.4,6.75,5.39
2002,4,7.19,8.08,7.79,7.64,6.96,6.41,5.76
2003,1,6.91,7.63,7.4,7.2,6.98,6.75,6.17
2003,2,7.14,7.57,7.52,7.28,7.27,7.14,6.61
2003,3,6.5,7.38,7.15,6.96,6.61,6.25,5.89
2003,4,6.18,7.29,7.18,6.66,6.36,5.9,5.12
2004,1,6.5,7.5,7.12,6.86,6.66,6.61,6.17
2004,2,6.18,7.49,7.23,6.71,6.57,6.18,5.25
2004,3,6.43,7.5,7.4,7.0,7.02,6.25,5.39
2004,4,7.64,8.03,7.72,7.64,7.77,7.5,7.5
2005,1,0.01,0.01,0.01,0.01,0.01,0.01,0.01
2005,2,7.25,8.3,8.06,7.79,7.52,7.75,6.72
2005,3,7.6,8.41,8.33,8.37,7.66,7.5,7.23
2005,4,8.25,8.87,8.75,8.51,8.5,8.09,7.98
2006,1,8.68,9.14,9.14,8.87,8.84,8.68,8.31
2006,2,8.78,9.33,9.43,9.24,9.11,9.0,8.11
2006,3,9.39,9.93,9.81,9.42,9.31,9.33,9.38
2006,4,9.05,9.75,9.58,9.73,9.31,9.09,8.6
2007,1,9.31,9.95,9.69,9.65,9.46,9.3,9.11
2007,2,9.4,9.75,9.72,9.62,9.69,9.34,8.87
2007,3,9.12,9.74,9.72,9.65,9.38,8.92,8.3
2007,4,8.63,9.33,9.04,9.06,8.87,8.75,7.76
2008,1,7.38,8.38,8.17,7.98,7.52,7.52,6.93
2008,2,6.72,7.59,7.25,7.17,7.05,6.6,6.53
2008,3,6.17,7.57,7.58,7.25,7.0,6.58,5.6
2008,4,6.17,7.25,7.31,7.12,6.96,6.25,5.65
2009,1,6.52,6.98,6.78,6.5,6.5,6.01,6.66
2009,2,6.14,6.76,6.61,6.45,6.51,6.06,5.76
2009,3,6.18,6.61,6.59,6.62,6.57,5.88,5.83
2009,4,6.11,6.7,6.64,6.66,6.64,6.17,5.5
2010,1,6.24,6.75,6.92,6.45,6.35,6.11,5.99
2010,2,6.52,7.04,6.81,6.56,6.52,6.25,6.4
1999,4,8.53,9.21,9.11,8.57,8.65,8.3,8.03
2000,1,9.0,9.65,9.5,9.41,9.31,8.84,8.44
2000,2,9.38,9.95,9.92,9.87,9.38,9.38,8.77
2000,3,9.38,9.96,10.0,9.84,9.71,9.64,8.89
2000,4,9.38,9.95,9.92,9.87,9.38,9.38,8.77
2001,1,8.5,9.56,9.25,9.05,8.72,8.57,7.57
2001,2,7.71,8.6,8.24,8.02,7.76,7.53,7.23
2001,3,6.92,8.11,7.81,7.4,6.96,6.7,6.43
2001,4,5.12,6.92,6.18,5.65,5.38,5.12,4.59
2002,1,5.05,6.75,6.14,5.92,5.64,5.64,4.33
2002,2,5.05,6.33,5.9,5.64,5.38,5.12,4.59
2002,3,4.33,6.25,5.9,5.58,5.06,4.85,3.8
2002,4,4.21,6.12,5.39,5.38,4.48,4.32,3.3
2003,1,4.33,5.9,5.39,5.3,5.25,4.85,3.56
2003,2,5.05,5.92,5.39,5.32,5.39,5.39,4.25
2003,3,4.07,5.38,5.12,5.03,4.34,4.07,3.55
2003,4,3.82,5.32,5.09,5.09,4.57,4.07,3.03
2004,1,4.08,5.5,5.12,5.0,4.59,4.59,3.8
2004,2,4.07,5.55,5.12,4.79,4.33,4.07,4.06
2004,3,4.34,5.76,5.56,5.06,4.59,4.33,4.33
2004,4,5.65,6.53,6.29,6.17,6.13,5.64,5.64
2005,1,0.01,0.01,0.01,0.01,0.01,0.01,0.01
2005,2,5.9,6.82,6.76,6.59,6.0,6.18,5.64
2005,3,6.12,7.07,6.96,6.68,6.29,6.31,5.39
2005,4,6.7,7.64,7.48,7.19,7.16,6.86,6.17
2006,1,7.41,7.85,7.76,7.65,7.5,7.5,7.35
2006,2,7.5,8.06,8.04,8.03,7.75,7.64,7.25
2006,3,7.76,8.6,8.5,8.3,8.12,7.98,7.5
2006,4,7.71,8.49,8.48,8.41,8.03,7.76,7.24
2007,1,7.88,8.52,8.45,8.25,8.12,7.84,7.75
2007,2,8.0,8.57,8.57,8.3,8.25,7.79,7.5
2007,3,7.63,8.44,8.5,8.25,7.85,7.76,7.23
2007,4,6.71,8.0,7.93,7.76,7.5,6.96,6.24
2008,1,5.64,6.7,6.66,6.17,6.13,5.88,5.38
2008,2,4.91,5.64,5.53,5.36,5.09,4.99,4.59
2008,3,4.04,5.64,5.57,5.12,5.12,4.59,4.03
2008,4,3.82,5.07,4.85,4.4,4.25,4.0,3.51
2009,1,4.04,4.6,4.33,4.04,3.82,3.76,4.05
2009,2,3.43,5.06,5.0,4.52,4.07,3.42,3.17
2009,3,3.33,5.06,5.01,4.33,4.36,3.55,2.78
2009,4,3.29,5.08,5.06,4.84,4.33,3.3,3.03
2010,1,4.25,5.06,5.09,5.0,4.54,4.3,3.82
2010,2,4.08,5.12,5.09,5.06,4.84,3.66,3.56
1999,4,9.37,9.88,9.28,9.45,9.43,9.38,9.2
2000,1,9.56,10.21,9.99,9.97,10.17,9.24,9.05
2000,2,9.96,10.29,10.14,10.52,10.16,10.19,9.14
2000,3,10.32,10.68,10.47,10.29,10.25,10.54,10.23
2000,4,9.96,10.29,10.14,10.52,10.16,10.19,9.14
2001,1,9.57,10.02,9.96,9.91,9.73,9.36,8.59
2001,2,8.37,9.12,9.1,8.55,8.5,8.09,7.53
2001,3,7.83,8.86,8.26,8.24,8.6,7.7,7.11
2001,4,6.27,8.17,7.72,7.46,6.74,6.77,5.2
2002,1,6.54,7.49,7.64,7.32,7.01,6.21,5.72
2002,2,6.15,7.64,7.6,6.51,6.42,6.07,5.3
2002,3,6.32,6.59,7.36,7.19,6.4,6.61,5.33
2002,4,5.68,7.06,6.65,7.43,6.53,5.12,4.61
2003,1,5.38,6.85,6.43,6.64,5.95,5.45,4.61
2003,2,5.64,6.63,7.03,6.19,6.77,5.49,3.59
2003,3,4.87,6.43,6.25,6.26,5.37,5.46,4.35
2003,4,4.69,5.96,6.19,6.66,5.64,5.16,3.52
2004,1,5.21,6.32,5.54,5.86,5.91,5.83,4.42
2004,2,4.86,6.41,5.61,5.62,5.68,5.13,3.63
2004,3,5.34,6.41,6.29,5.95,5.71,4.89,4.3
2004,4,6.22,7.28,7.1,6.42,7.04,5.89,5.71
2005,1,0.01,0.01,0.01,0.01,0.01,0.01,0.01
2005,2,6.53,7.72,7.4,7.14,6.8,6.78,6.09
2005,3,7.0,7.54,7.23,7.53,7.34,6.84,6.79
2005,4,7.5,8.33,7.91,7.47,7.86,7.7,7.19
2006,1,7.96,8.49,8.48,8.02,8.18,8.19,7.45
2006,2,8.15,8.85,8.72,8.33,8.25,8.6,7.57
2006,3,8.42,9.22,9.2,8.5,8.64,8.27,8.29
2006,4,8.54,9.28,8.84,8.75,8.53,8.45,8.51
2007,1,8.93,8.99,8.72,9.05,8.58,8.88,9.02
2007,2,8.91,9.44,9.17,8.95,8.83,8.84,8.87
2007,3,8.77,8.86,9.09,9.19,8.14,8.83,8.94
2007,4,8.23,8.29,8.35,8.26,8.35,8.23,8.2
2008,1,6.69,7.57,7.46,6.71,6.6,6.91,6.46
2008,2,5.54,6.69,6.32,6.96,5.69,5.63,4.74
2008,3,5.65,7.51,6.24,6.51,5.95,5.83,5.19
2008,4,4.73,5.94,6.51,6.26,5.61,5.2,4.24
2009,1,5.83,5.4,5.5,5.72,4.98,5.3,6.67
2009,2,5.37,5.47,6.22,6.11,5.39,5.21,4.75
2009,3,5.11,5.37,5.73,6.22,5.38,5.02,4.85
2009,4,4.54,6.57,6.17,6.35,5.65,5.54,3.66
2010,1,4.91,5.45,6.02,5.28,5.06,5.27,4.07
2010,2,5.33,5.99,6.28,5.95,5.19,5.18,5.01
1999,4,9.17,9.94,9.74,9.62,9.32,8.26,9.01
2000,1,9.86,10.41,10.06,10.5,9.73,9.82,8.58
2000,2,10.24,10.91,10.6,10.32,10.15,10.1,9.34
2000,3,10.24,11.12,10.55,10.14,9.96,10.04,10.16
2000,4,10.24,10.91,10.6,10.32,10.15,10.1,9.34
2001,1,9.67,10.62,10.21,10.1,9.74,9.67,8.77
2001,2,8.58,9.41,9.34,8.75,8.63,8.28,8.3
2001,3,7.54,9.3,9.25,8.47,7.54,6.88,6.5
2001,4,6.41,8.31,7.31,7.69,7.09,6.23,5.0
2002,1,5.76,7.83,7.3,6.79,5.94,5.72,4.39
2002,2,6.3,7.7,6.79,6.73,6.64,6.02,5.81
2002,3,6.06,7.58,6.98,6.75,5.87,4.93,6.05
2002,4,5.45,7.64,6.74,6.99,5.4,5.02,3.93
2003,1,5.17,6.94,6.38,6.04,5.6,5.49,3.61
2003,2,5.71,7.09,6.13,6.86,6.6,5.69,3.8
2003,3,5.57,6.86,7.13,6.04,6.04,5.02,4.72
2003,4,5.44,6.71,7.08,6.42,6.26,4.96,3.64
2004,1,5.89,7.13,7.25,6.1,5.41,6.46,4.6
2004,2,5.38,7.07,6.87,6.4,5.74,5.23,4.19
2004,3,5.54,6.85,6.86,6.7,5.8,5.65,5.01
2004,4,6.35,7.7,6.64,6.98,6.85,6.72,5.66
2005,1,0.01,0.01,0.01,0.01,0.01,0.01,0.01
2005,2,6.77,8.15,7.36,7.35,6.94,6.55,6.12
2005,3,6.83,7.91,7.58,7.89,7.17,5.85,6.65
2005,4,7.72,8.35,8.24,8.24,7.72,7.5,7.5
2006,1,8.03,8.74,8.67,8.24,8.1,8.33,7.5
2006,2,8.32,9.01,8.81,8.82,8.21,8.23,8.1
2006,3,8.89,9.3,9.06,9.05,8.89,8.92,8.84
2006,4,8.55,9.42,9.21,9.09,8.53,8.43,8.32
2007,1,8.61,9.01,9.16,8.6,8.77,8.46,8.55
2007,2,8.61,9.53,8.89,8.68,9.1,8.09,7.82
2007,3,8.63,9.5,9.13,8.87,8.74,8.32,8.57
2007,4,8.13,9.2,8.63,8.99,8.55,8.1,7.5
2008,1,6.67,8.43,7.24,7.1,6.82,7.19,5.96
2008,2,5.81,7.63,6.64,6.27,6.55,6.3,4.75
2008,3,5.52,6.88,6.9,6.3,6.31,5.37,5.27
2008,4,5.22,6.63,6.59,5.96,5.62,4.79,5.02
2009,1,4.07,6.79,5.77,5.34,5.43,2.96,3.29
2009,2,4.38,6.21,5.83,5.54,4.66,4.38,3.07
2009,3,3.87,5.37,5.55,5.15,5.03,4.51,3.1
2009,4,4.68,6.86,5.23,6.26,5.74,4.34,3.36
2010,1,5.27,7.19,6.49,5.7,4.57,5.07,4.85
2010,2,5.15,6.92,5.95,5.66,5.94,4.66,4.03
1999,4,9.39,9.94,9.81,9.62,9.49,9.09,9.05
2000,1,9.91,10.22,10.1,10.17,10.03,9.8,9.5
2000,2,10.31,10.61,10.53,10.54,10.23,10.2,9.97
2000,3,10.33,10.6,10.78,10.65,10.29,10.46,9.7
2000,4,10.31,10.61,10.53,10.54,10.23,10.2,9.97
2001,1,9.62,10.01,9.86,9.83,9.41,9.45,9.56
2001,2,8.63,9.33,8.95,8.89,8.47,8.48,8.19
2001,3,8.17,8.87,8.71,8.33,7.89,7.79,7.53
2001,4,6.81,7.98,7.64,7.25,6.9,6.2,5.89
2002,1,6.86,7.69,7.23,7.19,6.76,6.9,6.39
2002,2,6.46,7.22,6.94,6.76,6.3,6.36,5.65
2002,3,6.01,7.36,7.08,6.92,6.47,5.69,4.69
2002,4,6.15,7.07,6.84,6.66,5.7,5.5,5.95
2003,1,6.01,6.88,6.57,6.23,6.38,6.16,5.03
2003,2,6.37,6.85,6.65,6.28,6.3,6.49,5.82
2003,3,5.42,6.51,6.09,5.76,5.54,5.29,4.31
2003,4,5.19,6.49,6.1,5.77,5.26,4.71,4.26
2004,1,5.66,6.57,6.24,5.85,5.83,5.49,5.45
2004,2,5.48,6.46,6.25,5.7,5.59,5.38,4.8
2004,3,5.84,6.64,6.51,6.06,6.07,5.69,4.86
2004,4,6.88,7.28,6.95,7.04,6.91,6.76,6.86
2005,1,0.01,0.01,0.01,0.01,0.01,0.01,0.01
2005,2,6.84,7.56,7.42,7.2,6.71,6.99,6.2
2005,3,7.11,7.75,7.7,7.59,6.92,7.05,6.53
2005,4,7.58,8.28,8.03,7.76,7.74,7.52,7.07
2006,1,8.14,8.5,8.44,8.41,8.29,8.1,7.96
2006,2,8.38,8.61,8.78,8.69,8.53,8.43,7.98
2006,3,8.86,9.32,9.23,9.01,8.78,8.6,8.61
2006,4,8.62,9.15,9.05,9.23,8.76,8.57,8.04
2007,1,8.69,9.21,9.1,9.04,8.86,8.59,8.53
2007,2,8.92,9.13,9.2,9.1,9.06,8.69,8.72
2007,3,8.8,9.13,9.21,9.12,8.79,8.65,8.34
2007,4,7.85,8.63,8.49,8.36,8.21,7.94,7.14
2008,1,6.8,7.55,7.47,6.97,6.9,6.8,6.6
2008,2,6.1,6.62,6.45,6.36,6.2,5.87,5.93
2008,3,5.57,6.59,6.48,6.32,5.98,5.78,4.69
2008,4,5.08,6.14,6.13,5.72,5.67,5.07,4.16
2009,1,5.51,5.66,5.67,5.39,5.51,5.14,5.6
2009,2,5.08,5.83,5.7,5.61,5.57,4.91,4.58
2009,3,5.19,5.87,5.76,5.72,5.47,4.79,4.78
2009,4,5.06,5.87,5.81,5.7,5.56,5.21,4.47
2010,1,5.5,5.84,5.85,5.74,5.52,5.33,5.45
2010,2,5.56,5.99,6.0,5.79,5.72,5.39,5.31
1999,4,9.2,9.95,9.54,9.45,9.64,9.15,8.4
2000,1,10.07,10.43,10.19,9.52,10.31,9.77,10.21
2000,2,10.32,10.71,10.47,10.23,9.97,10.58,10.27
2000,3,10.05,11.04,10.18,10.75,10.63,10.15,9.06
2000,4,10.32,10.71,10.47,10.23,9.97,10.58,10.27
2001,1,9.2,10.24,9.43,9.64,9.43,8.91,8.69
2001,2,8.15,9.31,8.58,9.08,8.42,8.37,7.76
2001,3,8.09,9.18,8.34,8.3,8.0,8.41,7.38
2001,4,7.39,8.45,7.68,7.31,6.84,8.07,5.59
2002,1,6.71,8.24,7.53,7.12,7.0,6.72,4.4
2002,2,7.12,7.49,7.61,7.22,7.15,6.88,6.4
2002,3,6.34,7.54,7.19,6.88,7.05,5.92,5.52
2002,4,7.11,7.88,7.22,6.41,6.77,8.84,5.61
2003,1,6.23,7.3,6.83,6.08,6.6,6.03,6.01
2003,2,6.17,6.96,6.32,5.78,5.84,5.96,6.53
2003,3,6.12,6.48,6.75,6.51,6.17,5.77,6.05
2003,4,5.85,7.07,6.36,6.44,6.07,5.35,4.56
2004,1,5.47,6.72,6.38,6.33,6.01,6.2,4.73
2004,2,5.43,6.94,6.36,6.0,5.09,4.81,4.49
2004,3,5.65,6.3,6.82,6.16,5.6,4.94,5.5
2004,4,6.95,7.78,6.81,6.99,7.02,6.8,7.0
2005,1,0.01,0.01,0.01,0.01,0.01,0.01,0.01
2005,2,6.84,7.29,7.7,7.11,7.12,7.09,6.59
2005,3,6.93,7.75,7.33,7.14,7.36,7.26,6.71
2005,4,7.66,8.72,8.29,7.98,8.12,7.74,6.96
2006,1,8.06,8.32,8.66,8.24,8.31,8.3,7.49
2006,2,8.03,8.85,8.77,8.82,8.68,8.34,7.83
2006,3,8.99,9.46,9.38,8.66,8.93,9.16,8.9
2006,4,8.95,9.63,9.17,8.87,8.57,7.84,9.13
2007,1,8.93,9.78,9.05,8.92,8.64,9.03,8.48
2007,2,8.67,9.35,9.01,8.85,9.06,8.81,7.98
2007,3,8.35,9.48,9.11,8.97,8.96,8.2,8.11
2007,4,8.14,9.03,8.74,8.28,8.34,8.96,7.65
2008,1,7.05,8.37,7.79,7.76,7.42,6.38,6.04
2008,2,5.93,7.81,7.22,6.75,6.55,6.63,5.13
2008,3,6.35,7.68,7.37,6.79,7.02,5.89,5.18
2008,4,6.47,7.57,6.84,7.02,6.68,6.24,5.31
2009,1,5.49,7.23,6.23,6.17,5.75,5.25,5.01
2009,2,6.0,7.59,6.52,5.74,6.23,6.0,4.85
2009,3,5.83,7.6,6.43,6.72,6.07,6.32,3.86
2009,4,4.43,6.31,5.85,6.16,5.18,3.9,3.74
2010,1,5.45,7.19,6.61,6.28,6.54,5.95,4.01
2010,2,6.12,7.68,6.65,6.41,6.28,5.28,6.08
1999,4,8.42,9.88,9.78,8.32,8.52,8.12,8.51
2000,1,9.18,10.24,10.29,8.88,8.99,9.2,9.07
2000,2,9.35,9.36,10.21,9.67,9.29,9.92,8.31
2000,3,9.63,10.69,9.95,9.93,9.76,8.73,9.92
2000,4,9.35,9.36,10.21,9.67,9.29,9.92,8.31
2001,1,9.07,8.9,9.33,9.35,9.22,9.01,8.86
2001,2,8.19,8.76,9.03,9.39,8.47,8.15,7.94
2001,3,7.83,9.1,8.36,8.82,7.95,8.11,7.38
2001,4,6.85,7.36,7.18,7.09,6.85,6.47,7.03
2002,1,6.46,6.1,6.61,6.59,6.78,7.03,5.7
2002,2,7.14,7.11,6.54,7.19,6.67,6.67,7.58
2002,3,6.25,7.43,6.78,6.61,6.79,6.36,5.86
2002,4,5.87,6.2,7.11,6.97,6.02,6.9,5.47
2003,1,6.17,5.71,6.32,5.85,5.72,6.01,6.72
2003,2,6.5,6.84,7.08,6.25,6.45,6.53,6.48
2003,3,6.12,6.71,6.96,6.54,6.17,5.96,6.12
2003,4,6.0,6.1,6.8,5.34,5.87,5.89,6.1
2004,1,5.89,6.88,6.51,6.75,6.05,5.97,5.49
2004,2,5.76,6.6,6.5,6.01,6.08,5.55,5.94
2004,3,5.33,6.45,6.42,6.09,6.49,6.41,4.66
2004,4,6.64,6.52,6.94,6.59,6.69,7.04,6.46
2005,1,0.01,0.01,0.01,0.01,0.01,0.01,0.01
2005,2,6.84,6.9,7.32,6.63,6.66,7.06,6.78
2005,3,7.15,7.12,7.86,7.83,6.64,7.06,7.25
2005,4,7.09,7.87,7.7,7.63,7.49,7.18,6.85
2006,1,7.68,7.93,6.52,8.0,7.51,7.13,8.21
2006,2,7.97,9.31,9.14,8.04,9.59,7.73,7.71
2006,3,8.09,8.97,8.93,8.31,8.28,8.19,7.88
2006,4,8.34,8.38,8.19,8.56,8.7,8.43,8.29
2007,1,8.42,9.13,8.89,8.98,8.91,8.24,8.5
2007,2,8.11,8.44,8.83,8.86,8.55,8.18,7.75
2007,3,7.92,7.92,8.32,8.29,7.44,7.29,8.48
2007,4,7.61,7.41,7.82,7.74,7.73,7.85,7.4
2008,1,6.58,7.11,7.28,7.61,6.84,6.86,6.25
2008,2,6.43,7.22,6.94,6.78,6.53,6.64,6.36
2008,3,6.04,7.0,6.07,6.89,6.45,6.36,5.63
2008,4,6.09,6.19,5.96,7.31,6.78,7.07,5.77
2009,1,5.7,6.2,6.35,5.29,6.96,5.61,5.52
2009,2,5.86,6.95,5.97,4.17,5.88,5.99,5.73
2009,3,5.75,6.09,6.37,5.51,6.77,6.15,5.22
2009,4,6.02,6.71,6.25,5.31,6.33,5.98,5.99
2010,1,6.32,3.86,6.38,5.66,6.34,6.47,6.31
2010,2,6.26,7.18,6.47,6.76,6.06,6.22,6.26
1999,4,8.69,9.32,9.26,8.85,9.53,8.57,8.38
2000,1,9.2,10.12,9.86,9.91,9.8,9.6,8.77
2000,2,9.43,10.54,10.37,10.21,9.9,9.77,8.97
2000,3,9.71,10.52,10.44,10.29,10.31,9.91,9.09
2000,4,9.43,10.54,10.37,10.21,9.9,9.77,8.97
2001,1,8.34,10.21,9.45,9.31,8.87,9.04,7.86
2001,2,7.89,8.92,8.58,8.34,8.29,7.83,7.58
2001,3,6.97,8.08,7.89,7.58,7.37,6.74,6.64
2001,4,5.3,6.44,6.36,5.81,5.56,5.36,5.1
2002,1,5.53,6.37,6.41,6.94,6.06,5.7,4.77
2002,2,5.35,6.48,6.05,6.07,5.96,5.91,4.52
2002,3,4.79,6.22,5.86,5.7,5.69,5.49,4.26
2002,4,4.29,6.19,5.91,5.67,4.94,4.67,3.82
2003,1,4.95,5.91,5.58,5.81,5.4,5.1,4.62
2003,2,5.24,6.08,5.75,6.09,5.8,5.66,4.68
2003,3,4.65,5.75,5.15,5.12,4.84,5.28,4.3
2003,4,4.31,5.34,5.33,4.96,4.76,4.46,4.05
2004,1,4.46,5.3,5.13,5.33,5.02,4.56,4.27
2004,2,4.81,5.48,5.25,5.55,4.92,4.86,4.73
2004,3,5.07,6.32,5.68,5.03,4.73,4.39,5.11
2004,4,5.75,6.96,6.89,6.52,6.49,6.65,4.88
2005,1,0.01,0.01,0.01,0.01,0.01,0.01,0.0
2005,2,6.09,7.52,7.26,6.87,6.72,6.7,5.87
2005,3,5.89,7.54,7.43,7.36,6.21,6.34,5.6
2005,4,6.85,8.11,7.98,7.01,7.73,6.76,6.62
2006,1,7.4,8.9,8.24,7.74,7.91,7.81,7.06
2006,2,7.54,8.54,8.53,8.23,8.06,8.1,7.27
2006,3,8.24,9.19,8.53,8.64,8.38,8.47,8.18
2006,4,7.54,9.24,8.7,8.61,8.84,8.18,7.12
2007,1,8.06,9.1,8.88,8.64,8.33,8.05,7.94
2007,2,7.97,9.02,8.85,8.48,8.44,8.13,7.7
2007,3,7.71,8.96,8.75,8.32,8.37,8.18,7.45
2007,4,6.94,8.05,7.81,8.21,7.72,6.99,6.74
2008,1,5.87,6.98,6.77,6.69,6.23,5.7,5.79
2008,2,5.06,6.07,5.94,5.69,5.41,5.08,4.91
2008,3,4.61,6.54,6.14,5.87,5.13,5.05,4.42
2008,4,4.07,5.23,5.08,4.46,4.73,4.31,3.81
2009,1,3.73,4.59,3.85,4.02,4.32,3.76,3.59
2009,2,3.96,4.81,4.15,4.28,4.11,4.22,3.78
2009,3,3.89,5.05,4.5,4.38,4.49,3.43,3.79
2009,4,3.41,4.6,4.1,4.23,4.03,3.59,3.17
2010,1,3.73,4.27,4.59,4.04,4.39,4.05,3.37
2010,2,4.51,5.07,4.83,4.48,4.8,3.99,4.58
1999,4,62.85,55.51,58.53,50.02,60.89,56.02,76.26
2000,1,67.6,55.12,56.18,63.34,57.97,62.96,86.21
2000,2,66.68,53.75,54.53,60.28,71.21,72.93,72.18
2000,3,72.03,59.61,58.83,65.41,74.8,70.89,83.9
2000,4,66.68,53.75,54.53,60.28,71.21,72.93,72.18
2001,1,66.82,61.75,60.99,68.05,66.05,71.15,66.24
2001,2,74.38,59.69,57.52,63.54,68.73,78.09,86.0
2001,3,74.64,61.07,63.4,62.17,76.68,68.48,91.41
2001,4,76.57,61.8,63.97,68.28,74.87,71.86,87.3
2002,1,66.48,63.6,58.29,58.96,66.34,71.01,67.46
2002,2,72.95,68.3,66.3,68.45,72.63,72.23,80.3
2002,3,70.58,67.58,67.57,68.63,66.61,75.57,71.05
2002,4,80.33,67.17,62.93,64.81,67.84,84.68,92.34
2003,1,72.07,67.99,65.96,61.98,60.96,70.23,83.62
2003,2,64.1,66.44,63.61,54.72,53.25,57.02,78.78
2003,3,76.68,68.26,64.55,68.88,69.94,77.15,84.9
2003,4,75.3,64.63,65.23,63.83,59.8,77.8,87.28
2004,1,68.94,61.95,65.22,58.84,64.71,70.51,72.13
2004,2,76.85,67.08,64.46,68.97,63.31,69.85,89.41
2004,3,73.67,59.77,59.53,60.59,61.28,71.56,83.89
2004,4,69.62,66.95,58.05,64.93,61.94,67.6,76.21
2005,1,69.62,66.95,58.05,64.93,61.94,67.6,76.21
2005,2,81.59,65.47,63.99,70.47,72.2,70.08,93.46
2005,3,74.26,68.21,65.32,60.6,56.39,76.34,82.42
2005,4,74.68,67.94,60.36,67.23,64.93,70.29,86.95
2006,1,68.05,63.15,62.73,59.33,57.99,61.54,79.02
2006,2,73.01,67.33,63.53,64.86,72.23,61.13,81.16
2006,3,74.3,74.76,72.16,59.44,65.36,66.74,81.48
2006,4,70.54,64.28,62.48,62.53,66.69,73.76,73.4
2007,1,64.59,62.2,63.05,64.1,72.36,57.95,66.59
2007,2,67.72,62.48,64.64,69.05,66.4,67.02,69.88
2007,3,71.89,65.12,62.73,62.35,57.31,63.53,85.17
2007,4,66.88,63.11,59.39,57.88,60.61,66.54,71.68
2008,1,66.25,56.87,53.37,59.93,64.44,66.74,69.08
2008,2,69.95,64.32,65.53,69.8,70.01,65.93,72.72
2008,3,81.24,68.18,62.13,67.66,65.29,79.22,90.23
2008,4,78.36,70.34,66.7,70.58,65.55,73.52,86.4
2009,1,60.36,71.31,69.23,64.2,61.29,64.81,57.12
2009,2,75.96,67.75,69.5,71.55,68.25,78.85,79.97
2009,3,73.96,75.96,71.72,66.24,67.71,65.83,81.54
2009,4,79.43,68.98,68.83,64.76,69.93,70.69,89.42
2010,1,69.14,69.15,66.78,70.24,68.46,65.94,71.17
2010,2,71.12,67.46,63.39,69.12,63.15,76.65,73.09
1999,4,65.84,64.36,65.02,48.15,61.02,62.3,77.99
2000,1,74.26,72.13,69.3,73.8,68.52,68.04,85.16
2000,2,74.95,65.81,68.15,59.69,75.64,77.81,85.83
2000,3,71.83,72.94,62.64,68.57,72.75,71.67,76.8
2000,4,74.95,65.81,68.15,59.69,75.64,77.81,85.83
2001,1,68.28,62.65,65.35,64.91,47.59,65.64,81.05
2001,2,77.19,75.78,71.84,73.39,79.61,77.68,79.23
2001,3,76.67,76.51,72.79,68.69,74.82,70.34,86.68
2001,4,82.44,68.23,69.35,68.73,70.26,77.74,97.81
2002,1,69.03,72.51,68.33,65.02,67.65,63.1,76.23
2002,2,73.06,78.69,76.41,74.3,72.19,67.36,75.49
2002,3,82.9,75.81,77.34,69.44,72.16,82.38,92.61
2002,4,79.76,74.27,69.92,71.56,73.44,83.95,85.24
2003,1,65.51,76.14,67.96,64.23,52.16,56.12,77.61
2003,2,67.73,77.28,69.88,67.54,68.81,52.67,76.49
2003,3,70.41,72.74,71.43,61.61,75.4,67.23,71.7
2003,4,77.52,72.94,71.18,72.79,65.48,81.13,83.76
2004,1,70.61,75.24,67.65,65.84,59.79,70.36,74.24
2004,2,76.28,75.53,71.41,72.1,68.93,64.82,85.5
2004,3,74.48,67.51,64.31,66.51,72.66,69.15,81.06
2004,4,67.92,77.05,66.14,59.36,64.54,62.54,73.13
2005,1,67.92,77.05,66.14,59.36,64.54,62.54,73.13
2005,2,77.83,73.13,76.84,69.31,75.47,76.96,80.39
2005,3,74.6,78.53,73.91,67.7,67.72,74.33,77.32
2005,4,77.44,75.17,73.84,74.15,76.72,76.44,80.27
2006,1,72.85,76.34,69.17,67.12,63.84,66.51,81.6
2006,2,79.52,80.42,69.42,70.16,77.59,70.56,86.52
2006,3,73.79,84.83,77.67,66.87,81.03,69.75,73.41
2006,4,78.34,79.08,70.3,74.62,71.2,77.44,82.39
2007,1,68.54,75.1,68.46,67.91,75.6,63.9,68.99
2007,2,71.71,75.58,68.19,64.47,65.82,69.68,78.0
2007,3,77.78,74.55,68.79,66.18,60.78,67.69,92.73
2007,4,78.16,79.17,76.41,68.44,67.6,70.89,85.83
2008,1,67.97,76.17,73.87,64.96,64.82,68.09,67.83
2008,2,69.5,76.88,76.58,74.1,69.71,65.16,69.15
2008,3,73.36,74.08,74.71,71.07,68.27,63.84,77.85
2008,4,76.03,81.18,75.77,75.51,69.67,76.39,77.21
2009,1,71.92,79.84,73.33,71.89,67.37,66.49,74.02
2009,2,75.63,76.13,69.84,68.3,70.92,69.63,83.13
2009,3,76.97,80.01,74.6,69.65,64.88,72.09,84.68
2009,4,77.84,78.17,79.41,70.27,71.99,73.74,81.72
2010,1,60.12,78.81,73.54,66.77,67.25,60.64,53.41
2010,2,72.58,77.08,69.03,66.43,63.3,66.37,79.2
1999,4,18.75,26.07,26.94,25.32,22.78,15.65,12.3
2000,1,24.53,25.55,25.76,30.14,22.35,32.19,16.32
2000,2,16.19,20.14,20.64,19.0,23.31,18.57,6.73
2000,3,21.04,25.51,29.16,28.88,22.61,26.68,8.84
2000,4,16.19,20.14,20.64,19.0,23.31,18.57,6.73
2001,1,17.41,22.24,25.32,22.3,17.14,21.15,10.44
2001,2,20.02,24.54,24.02,26.41,22.47,24.93,11.75
2001,3,21.33,21.98,20.27,23.01,19.63,18.05,23.86
2001,4,16.87,19.41,19.89,18.91,17.42,21.45,12.38
2002,1,23.17,23.71,21.56,24.15,30.4,33.55,10.15
2002,2,17.55,21.12,21.11,21.33,20.09,21.08,8.29
2002,3,17.24,19.85,26.17,16.22,21.23,24.21,10.04
2002,4,12.16,17.35,20.96,20.02,17.14,16.11,4.39
2003,1,22.21,21.35,28.48,24.28,18.97,29.08,15.94
2003,2,21.35,23.71,26.95,26.73,19.64,30.0,10.77
2003,3,15.07,21.0,21.34,20.97,26.29,12.15,8.79
2003,4,20.46,18.79,19.22,24.09,17.67,23.16,19.52
2004,1,23.09,27.11,25.51,20.2,26.75,26.25,20.73
2004,2,19.78,21.67,20.39,24.98,26.74,17.92,17.21
2004,3,20.23,22.61,18.83,26.75,20.67,32.54,14.52
2004,4,19.37,22.41,24.41,26.19,22.81,19.35,15.76
2005,1,19.37,22.41,24.41,26.19,22.81,19.35,15.76
2005,2,22.01,24.67,26.11,33.48,22.78,24.63,18.38
2005,3,20.75,21.71,25.56,23.15,24.91,18.76,19.1
2005,4,22.97,23.8,22.92,25.43,33.57,23.67,17.99
2006,1,25.04,27.82,25.6,25.16,26.34,23.54,25.16
2006,2,22.71,23.69,24.62,28.11,27.13,30.89,17.27
2006,3,22.15,22.7,22.35,17.5,28.77,24.83,20.53
2006,4,19.24,24.4,21.0,27.26,21.67,21.14,15.87
2007,1,27.13,24.81,27.85,23.42,26.9,21.29,30.73
2007,2,21.5,25.2,23.5,22.06,27.43,19.04,19.26
2007,3,23.18,22.79,24.38,28.63,26.41,29.89,17.57
2007,4,18.9,23.15,21.69,21.5,21.83,24.22,14.78
2008,1,22.74,19.77,19.41,23.08,21.54,22.95,23.34
2008,2,19.93,22.54,22.89,22.92,18.9,20.41,18.88
2008,3,16.55,26.73,23.8,22.49,27.27,16.09,12.29
2008,4,16.61,25.4,24.84,24.13,19.8,20.98,11.43
2009,1,13.04,26.13,24.5,23.29,24.06,20.96,5.89
2009,2,23.15,24.72,22.42,22.18,22.1,24.8,22.84
2009,3,16.59,24.31,21.66,25.67,20.48,19.74,10.07
2009,4,15.95,24.17,21.18,21.9,27.51,15.91,11.01
2010,1,17.24,23.47,21.01,19.12,20.97,20.42,13.19
2010,2,22.2,29.85,24.7,25.71,29.56,18.24,20.03
1999,4,2.91,0.2,0.19,0.48,0.88,0.63,7.87
2000,1,0.86,0.22,0.13,0.34,0.49,1.36,1.32
2000,2,2.55,1.32,1.35,1.35,3.49,0.74,4.92
2000,3,0.85,0.62,0.29,1.48,0.23,2.88,
2000,4,2.55,1.32,1.35,1.35,3.49,0.74,4.92
2001,1,1.4,0.99,2.5,0.92,0.55,1.97,1.28
2001,2,2.73,1.71,2.0,1.22,2.54,2.55,3.83
2001,3,1.08,3.33,0.82,1.65,0.34,0.83,0.82
2001,4,3.43,1.15,0.82,0.92,1.44,1.77,6.64
2002,1,7.47,1.07,2.23,4.91,7.5,9.09,9.15
2002,2,2.37,1.73,1.43,1.07,1.58,1.87,4.46
2002,3,5.54,1.48,1.44,2.31,0.92,1.11,11.79
2002,4,2.67,1.61,2.13,1.27,3.08,0.57,4.0
2003,1,3.92,1.74,1.97,2.03,1.41,2.19,7.82
2003,2,2.08,1.3,1.23,1.84,1.41,1.78,3.27
2003,3,4.48,3.47,2.5,3.97,4.47,3.4,5.75
2003,4,2.79,2.92,3.18,2.22,2.21,1.74,3.61
2004,1,4.82,0.79,1.39,2.77,2.55,3.72,6.96
2004,2,3.44,1.8,2.16,1.93,3.87,5.44,3.25
2004,3,0.86,1.02,1.36,3.18,0.86,1.79,
2004,4,2.99,0.77,1.13,1.68,2.22,1.32,4.9
2005,1,2.99,0.77,1.13,1.68,2.22,1.32,4.9
2005,2,4.08,0.66,0.51,1.76,2.06,5.41,5.09
2005,3,2.39,0.96,0.57,1.31,2.63,4.61,2.22
2005,4,4.24,1.77,1.84,1.44,6.34,0.72,7.39
2006,1,3.06,1.06,2.16,1.93,2.82,2.1,4.35
2006,2,1.01,0.87,1.35,2.14,1.37,0.95,0.74
2006,3,2.01,0.65,1.15,1.12,1.56,4.03,1.78
2006,4,3.21,1.23,2.07,2.98,2.89,0.15,4.76
2007,1,1.91,0.95,1.6,2.11,1.15,2.0,2.1
2007,2,2.3,2.45,1.58,2.07,0.57,1.37,3.85
2007,3,2.05,2.41,1.18,1.96,2.34,2.57,1.89
2007,4,2.21,0.89,1.9,1.33,1.8,2.18,2.64
2008,1,1.79,1.21,2.19,2.79,1.48,1.77,1.7
2008,2,3.94,2.56,1.5,1.23,2.33,5.66,4.42
2008,3,2.39,2.12,1.44,1.6,1.08,3.07,2.66
2008,4,3.09,2.77,3.49,1.56,3.83,2.43,3.36
2009,1,1.6,1.82,2.5,2.09,1.05,1.22,1.68
2009,2,11.09,3.18,3.19,3.91,5.59,9.52,17.69
2009,3,19.83,3.94,4.4,5.75,9.96,12.83,33.92
2009,4,26.56,4.38,6.38,8.2,10.29,18.48,40.62
2010,1,15.67,5.61,6.93,5.55,11.98,14.02,21.38
2010,2,16.62,6.72,6.22,9.38,11.02,21.15,20.27
1999,4,14.17,6.85,9.0,20.3,19.82,16.93,10.12
2000,1,7.95,4.62,4.8,8.64,9.62,13.51,4.52
2000,2,13.07,7.49,9.96,14.2,15.96,15.88,12.07
2000,3,10.92,2.73,5.2,5.06,17.82,11.26,15.3
2000,4,13.07,7.49,9.96,14.2,15.96,15.88,12.07
2001,1,5.7,5.66,8.72,12.72,7.2,5.09,2.45
2001,2,6.2,6.04,7.61,7.57,11.66,7.04,2.91
2001,3,8.74,3.85,4.32,6.93,13.74,11.13,8.89
2001,4,14.09,7.45,11.89,13.08,14.63,14.41,15.54
2002,1,9.15,4.68,9.54,12.49,13.22,6.72,9.02
2002,2,7.08,3.53,7.24,4.42,5.94,8.31,8.57
2002,3,5.36,1.99,4.5,7.79,7.59,6.52,4.31
2002,4,12.2,6.64,10.09,16.88,14.63,10.74,12.07
2003,1,12.54,3.79,8.97,12.74,16.44,8.14,16.42
2003,2,8.7,4.06,8.23,7.77,16.19,6.82,7.72
2003,3,12.62,3.76,7.7,9.51,7.64,8.46,19.64
2003,4,18.31,4.34,6.73,14.47,19.42,24.05,20.96
2004,1,6.56,3.52,5.33,12.3,5.62,7.24,5.97
2004,2,5.3,3.57,4.52,6.16,5.71,8.56,3.95
2004,3,4.2,3.56,5.97,6.52,7.52,7.56,1.59
2004,4,8.91,5.69,7.6,9.12,13.46,10.99,6.81
2005,1,8.91,5.69,7.6,9.12,13.46,10.99,6.81
2005,2,8.99,4.36,6.41,10.13,12.15,10.07,8.61
2005,3,5.87,2.03,3.92,6.49,7.83,7.8,5.33
2005,4,20.4,6.11,9.86,16.3,19.57,24.4,23.1
2006,1,7.59,6.83,7.82,10.46,12.96,6.11,6.09
2006,2,6.16,4.84,5.99,8.78,6.7,8.54,4.8
2006,3,12.97,6.7,9.25,11.69,17.69,9.35,14.52
2006,4,14.88,6.94,11.73,11.63,16.4,20.33,14.0
2007,1,7.3,4.68,6.71,7.06,7.73,6.07,8.1
2007,2,5.63,3.21,5.51,6.02,5.36,10.13,3.27
2007,3,6.58,5.07,5.79,7.73,10.95,8.34,4.46
2007,4,13.1,7.19,6.14,7.53,13.69,16.29,14.14
2008,1,6.83,6.86,8.64,6.92,6.43,6.56,6.79
2008,2,4.81,4.0,2.47,6.61,5.65,7.94,3.29
2008,3,4.23,2.34,2.09,2.81,5.75,7.5,3.38
2008,4,12.51,3.83,6.65,11.49,9.61,8.55,16.15
2009,1,5.54,5.43,5.62,8.85,10.17,7.44,3.75
2009,2,5.49,3.71,8.05,6.16,7.64,7.76,3.12
2009,3,8.35,3.85,5.34,6.3,6.67,9.28,9.98
2009,4,14.45,6.7,10.33,12.88,11.6,13.08,16.92
2010,1,7.21,4.6,6.96,8.39,11.87,9.11,4.82
2010,2,6.42,5.43,6.55,8.48,11.44,5.86,4.87
1999,4,9.36,9.1,7.98,11.6,12.47,6.72,9.28
2000,1,6.39,7.77,7.82,8.9,7.21,8.23,2.53
2000,2,11.01,10.2,13.68,15.83,10.97,17.42,2.98
2000,3,7.85,7.58,8.23,5.65,7.78,11.51,6.58
2000,4,11.01,10.2,13.68,15.83,10.97,17.42,2.98
2001,1,8.06,10.79,11.8,6.48,14.88,6.89,5.18
2001,2,8.07,8.51,8.51,6.43,6.45,15.31,4.27
2001,3,7.4,7.46,4.88,10.07,6.86,9.34,6.17
2001,4,9.49,8.57,6.14,10.22,13.44,14.82,5.93
2002,1,8.16,9.25,9.56,8.05,9.22,7.99,7.35
2002,2,7.48,6.27,4.71,7.7,6.2,9.82,7.28
2002,3,6.84,6.76,6.17,8.95,11.42,7.41,4.85
2002,4,10.37,8.79,9.68,19.91,13.47,8.14,8.12
2003,1,6.27,8.8,6.9,7.22,6.29,6.04,5.68
2003,2,7.38,4.43,6.91,15.0,8.22,5.89,6.44
2003,3,6.76,3.62,7.38,6.38,12.27,8.02,4.76
2003,4,10.05,4.89,9.8,20.42,12.85,9.8,6.84
2004,1,6.82,6.58,8.17,5.67,10.59,13.36,3.25
2004,2,6.82,6.22,7.46,6.96,9.65,9.45,4.78
2004,3,11.9,5.32,8.42,10.82,14.32,13.52,12.48
2004,4,8.38,9.28,7.83,10.94,11.49,5.22,8.54
2005,1,8.38,9.28,7.83,10.94,11.49,5.22,8.54
2005,2,4.53,5.03,6.1,6.92,8.16,7.69,2.0
2005,3,9.12,4.44,7.6,6.81,10.51,4.55,11.33
2005,4,11.55,9.13,12.02,13.3,14.89,13.37,8.89
2006,1,8.71,7.7,6.74,8.54,10.58,10.4,7.44
2006,2,7.02,6.44,10.16,7.84,7.36,9.04,5.56
2006,3,11.73,4.25,5.44,9.7,7.71,13.03,13.97
2006,4,9.23,7.92,8.25,9.6,14.69,12.24,6.76
2007,1,8.68,7.37,10.39,7.09,7.41,9.85,8.48
2007,2,6.04,7.87,6.4,6.45,13.14,3.04,4.4
2007,3,7.98,5.7,5.06,6.81,10.49,9.33,7.69
2007,4,9.96,8.58,12.85,16.31,10.57,9.99,8.27
2008,1,6.27,9.07,8.26,6.31,6.87,8.24,5.0
2008,2,6.68,5.6,5.91,9.11,8.87,8.62,5.08
2008,3,10.06,4.71,6.25,5.65,9.53,7.58,12.5
2008,4,11.12,6.08,9.22,9.25,11.26,11.98,11.55
2009,1,5.04,7.76,7.54,8.22,6.82,3.43,4.55
2009,2,5.99,7.93,6.25,6.08,5.8,9.11,4.15
2009,3,8.38,2.97,5.26,4.88,5.6,9.3,10.79
2009,4,5.99,7.46,4.11,10.83,8.77,7.71,4.09
2010,1,5.24,7.91,11.44,4.56,3.41,4.98,4.97
2010,2,5.43,8.52,7.98,9.41,6.9,6.54,3.1
1999,4,44.03,62.73,60.96,47.31,37.19,45.74,36.01
2000,1,52.23,70.01,66.39,62.13,51.44,50.11,39.61
2000,2,41.67,63.09,55.0,41.15,40.62,40.63,31.28
2000,3,53.81,73.48,61.85,65.3,52.08,42.6,46.86
2000,4,41.67,63.09,55.0,41.15,40.62,40.63,31.28
2001,1,43.17,64.6,49.22,51.84,47.31,45.49,32.02
2001,2,43.07,64.16,58.36,59.24,47.6,30.73,34.79
2001,3,42.52,70.56,65.31,49.15,44.69,36.08,26.57
2001,4,34.32,66.07,57.92,46.41,41.38,31.81,19.87
2002,1,45.81,66.82,57.1,48.55,45.99,42.45,41.77
2002,2,53.29,74.4,70.25,62.47,58.18,48.65,37.3
2002,3,49.91,74.59,68.71,59.38,54.05,44.18,39.65
2002,4,42.73,68.88,61.2,42.96,47.74,49.66,30.64
2003,1,46.8,67.94,60.44,52.38,49.68,50.31,34.8
2003,2,47.78,75.81,65.51,48.63,51.57,48.42,31.67
2003,3,42.83,78.02,69.75,55.42,50.68,38.75,26.82
2003,4,41.35,76.0,64.63,49.13,40.31,34.17,32.29
2004,1,55.24,77.11,65.85,55.36,56.18,54.32,52.15
2004,2,46.13,76.28,71.85,60.8,54.11,35.02,36.12
2004,3,38.39,77.88,65.27,58.67,49.96,47.29,18.94
2004,4,59.03,71.74,64.19,52.55,54.47,58.64,60.09
2005,1,59.03,71.74,64.19,52.55,54.47,58.64,60.09
2005,2,38.11,74.75,69.74,56.25,47.85,44.37,23.36
2005,3,38.46,79.33,65.32,62.77,49.58,42.54,21.98
2005,4,39.63,70.11,62.49,49.57,43.25,34.94,30.23
2006,1,57.45,72.06,65.18,57.76,51.21,60.67,54.7
2006,2,41.51,77.2,66.56,56.15,56.03,45.38,27.89
2006,3,32.73,77.84,65.88,55.39,48.1,34.34,16.8
2006,4,36.9,73.29,64.19,58.21,46.93,37.63,23.76
2007,1,53.4,71.45,59.4,63.06,59.95,53.29,48.63
2007,2,52.58,74.39,70.41,60.15,60.03,41.38,45.98
2007,3,39.84,73.78,69.71,56.64,54.14,43.77,19.86
2007,4,40.34,71.75,63.64,55.07,49.23,40.48,29.59
2008,1,53.17,71.61,65.59,57.44,61.59,53.91,48.58
2008,2,45.49,74.99,72.12,60.98,59.03,46.73,33.62
2008,3,45.98,78.07,70.76,66.67,58.15,52.42,33.22
2008,4,41.68,75.79,68.65,60.06,53.8,45.82,29.07
2009,1,62.3,71.0,68.3,60.31,52.82,60.04,64.04
2009,2,57.76,73.34,68.79,70.46,59.14,48.16,55.58
2009,3,52.96,82.23,70.7,65.81,55.6,49.63,44.13
2009,4,45.55,72.19,66.28,55.8,50.8,35.72,41.49
2010,1,57.66,72.24,62.74,67.37,54.61,58.92,54.43
2010,2,46.93,73.08,65.55,57.46,53.78,55.91,34.11
1999,4,8.17,10.43,10.39,7.11,9.71,8.43,6.42
2000,1,6.21,8.4,7.72,7.5,6.94,4.93,5.19
2000,2,5.08,8.62,7.07,9.07,7.65,1.58,2.59
2000,3,6.99,5.53,10.39,5.77,3.1,11.58,5.31
2000,4,5.08,8.62,7.07,9.07,7.65,1.58,2.59
2001,1,7.54,7.68,12.13,9.85,7.56,9.25,4.34
2001,2,10.11,7.17,8.56,7.68,8.43,3.72,16.69
2001,3,6.59,6.85,9.68,10.78,3.96,3.87,6.55
2001,4,3.94,6.97,6.77,10.93,6.91,2.91,0.74
2002,1,5.41,8.5,9.38,9.38,7.14,4.37,2.73
2002,2,5.13,5.82,7.12,4.71,6.72,7.28,1.21
2002,3,7.11,7.65,8.41,11.82,7.47,2.29,7.73
2002,4,2.58,5.64,5.22,3.5,7.19,1.68,0.3
2003,1,9.36,9.03,11.77,13.63,6.31,10.9,7.63
2003,2,7.89,8.12,8.33,11.11,8.41,7.33,6.74
2003,3,8.14,6.62,6.3,12.67,7.8,14.03,5.1
2003,4,5.88,6.12,9.05,6.25,10.97,8.94,1.46
2004,1,8.23,5.37,11.95,9.25,9.34,5.74,8.53
2004,2,5.62,7.61,7.5,13.45,11.07,3.15,2.9
2004,3,10.37,7.18,11.37,11.78,12.78,10.37,9.81
2004,4,4.2,3.38,7.7,11.39,6.89,5.28,0.75
2005,1,4.2,3.38,7.7,11.39,6.89,5.28,0.75
2005,2,13.03,7.63,7.55,12.28,10.27,14.18,14.49
2005,3,15.13,6.14,10.44,12.3,12.51,12.71,18.67
2005,4,6.26,6.54,7.26,9.3,7.1,4.86,5.86
2006,1,6.11,7.6,12.96,10.91,5.44,4.04,5.37
2006,2,18.21,7.0,8.6,12.03,11.34,6.72,27.61
2006,3,8.04,4.79,9.7,14.28,6.43,9.94,6.68
2006,4,8.17,5.82,8.61,9.17,4.23,4.54,10.55
2007,1,4.7,10.11,11.76,8.32,5.94,6.95,1.48
2007,2,7.77,6.73,8.03,15.5,2.27,12.03,5.29
2007,3,13.92,6.39,10.04,12.62,7.03,8.93,20.25
2007,4,6.59,6.64,9.45,8.36,5.79,4.8,6.76
2008,1,3.48,5.06,8.89,8.96,6.52,5.21,0.84
2008,2,6.33,6.83,7.57,5.77,6.45,4.89,6.83
2008,3,5.06,4.64,9.88,8.88,9.86,8.41,1.79
2008,4,2.57,4.31,3.27,4.69,7.53,2.91,0.78
2009,1,4.81,6.77,8.95,7.47,7.55,6.42,3.06
2009,2,4.4,7.38,7.22,4.09,9.73,4.36,1.99
2009,3,5.0,3.66,7.25,6.57,8.5,6.67,2.52
2009,4,8.19,6.05,10.23,8.84,8.6,9.32,7.41
2010,1,5.72,6.78,6.15,6.2,10.39,4.17,4.96
2010,2,6.9,5.55,8.65,7.71,6.65,5.71,7.12
1999,4,4.58,1.78,2.21,1.56,2.8,9.52,4.49
2000,1,7.98,1.95,2.69,1.76,8.96,12.13,10.33
2000,2,4.71,1.97,3.54,5.92,6.04,5.44,4.26
2000,3,2.67,1.5,2.12,5.1,3.94,3.72,1.1
2000,4,4.71,1.97,3.54,5.92,6.04,5.44,4.26
2001,1,5.41,1.36,3.0,4.61,7.13,11.13,2.41
2001,2,9.02,0.76,1.76,3.56,9.47,17.93,9.02
2001,3,11.02,2.11,1.39,6.17,8.56,17.32,15.91
2001,4,4.66,1.09,2.78,2.33,3.15,6.57,5.6
2002,1,8.23,1.13,2.26,4.15,2.45,13.4,10.04
2002,2,6.7,1.14,0.5,2.26,4.63,8.62,12.26
2002,3,5.62,0.79,2.49,0.45,4.41,13.81,4.92
2002,4,6.79,0.92,0.97,4.18,3.03,6.77,10.77
2003,1,8.03,1.45,3.09,1.33,11.38,12.22,7.16
2003,2,9.3,1.01,2.19,4.01,4.45,11.43,16.62
2003,3,10.45,1.45,1.42,5.18,4.91,12.99,16.02
2003,4,5.31,0.74,0.99,2.04,5.36,5.93,7.71
2004,1,4.54,1.57,2.01,3.91,7.67,6.83,3.51
2004,2,9.48,1.26,1.56,2.06,6.19,25.71,7.55
2004,3,6.21,0.88,1.08,3.14,4.91,8.52,7.86
2004,4,8.02,1.06,1.31,7.26,5.63,8.54,10.35
2005,1,8.02,1.06,1.31,7.26,5.63,8.54,10.35
2005,2,6.66,0.98,1.77,3.59,5.6,6.82,8.44
2005,3,8.0,0.99,3.46,2.68,9.36,11.03,8.99
2005,4,6.83,2.71,2.22,3.65,3.59,9.21,8.72
2006,1,4.09,0.56,1.08,4.28,10.28,3.31,3.25
2006,2,5.19,0.57,2.44,3.7,4.4,11.93,3.69
2006,3,6.86,1.9,1.99,2.73,6.96,15.31,5.66
2006,4,9.32,1.04,0.9,2.38,3.35,7.15,14.76
2007,1,4.34,0.94,1.0,1.89,3.53,9.93,2.75
2007,2,7.41,0.4,2.5,3.32,8.61,9.39,9.26
2007,3,4.54,0.97,2.37,6.34,3.73,7.76,3.69
2007,4,5.66,0.47,0.81,2.26,6.1,9.18,5.83
2008,1,6.48,0.36,0.88,5.21,6.33,9.18,6.46
2008,2,13.29,0.45,2.16,1.92,4.43,12.87,19.81
2008,3,4.74,2.84,1.98,3.7,4.43,7.4,4.48
2008,4,11.06,1.54,1.63,2.99,3.14,10.42,16.13
2009,1,6.49,0.74,1.3,2.03,7.44,5.29,7.89
2009,2,4.64,0.72,1.58,0.27,3.16,9.16,4.78
2009,3,4.94,0.67,1.66,3.72,5.89,6.18,5.48
2009,4,5.55,0.69,1.39,1.3,5.29,14.1,4.2
2010,1,7.67,0.46,2.79,3.79,5.52,7.54,10.24
2010,2,7.11,1.34,2.01,3.42,6.88,4.94,10.08
1999,4,19.69,9.1,9.46,12.13,18.01,12.67,33.67
2000,1,19.23,7.26,10.58,11.08,15.83,11.09,37.81
2000,2,24.45,8.62,10.76,13.84,18.77,19.05,46.82
2000,3,17.77,9.18,12.2,13.11,15.29,19.32,24.85
2000,4,24.45,8.62,10.76,13.84,18.77,19.05,46.82
2001,1,30.13,9.92,15.13,14.5,15.93,22.16,53.61
2001,2,23.52,13.36,15.2,15.51,16.39,25.27,32.31
2001,3,23.74,9.17,14.42,16.9,22.19,22.26,35.91
2001,4,33.5,9.87,14.5,17.02,20.49,29.48,52.32
2002,1,23.24,9.62,12.16,17.38,21.98,25.07,29.08
2002,2,20.33,8.84,10.18,18.44,18.34,17.32,33.39
2002,3,25.17,8.22,9.72,11.62,15.06,25.78,38.53
2002,4,25.33,9.13,12.84,12.57,13.95,23.02,38.1
2003,1,16.99,8.98,8.83,12.7,9.9,12.38,28.31
2003,2,18.95,6.57,8.83,13.47,11.16,20.12,30.81
2003,3,19.21,6.53,7.45,10.83,16.7,17.74,27.66
2003,4,19.09,7.91,8.8,7.69,11.09,17.11,30.75
2004,1,18.62,5.85,6.69,13.5,10.6,12.51,26.6
2004,2,26.64,5.07,7.12,10.58,13.27,18.11,44.71
2004,3,28.93,5.18,7.88,9.06,10.5,12.74,49.32
2004,4,11.46,8.85,11.36,8.74,8.06,11.33,13.45
2005,1,11.46,8.85,11.36,8.74,8.06,11.33,13.45
2005,2,28.68,7.25,8.43,10.83,15.97,16.87,43.1
2005,3,23.42,7.08,9.26,8.95,10.21,21.37,33.7
2005,4,15.33,5.41,6.14,7.89,11.61,13.21,23.19
2006,1,16.06,5.25,6.22,8.05,9.53,15.48,23.15
2006,2,21.91,3.95,6.25,11.5,14.17,18.39,30.45
2006,3,27.67,4.52,7.73,6.2,13.11,18.02,42.36
2006,4,21.5,4.98,6.32,9.02,14.4,18.11,30.17
2007,1,21.57,5.46,10.75,12.59,15.44,13.91,30.56
2007,2,20.57,7.4,7.15,8.55,10.59,24.01,31.79
2007,3,27.15,8.08,7.03,9.85,13.66,21.87,44.06
2007,4,24.35,5.37,7.12,10.47,14.62,19.27,35.41
2008,1,23.77,7.05,7.73,15.16,12.26,16.89,32.32
2008,2,23.41,8.14,9.77,15.6,15.57,18.95,31.39
2008,3,29.93,7.42,9.04,12.3,12.28,16.69,44.63
2008,4,21.05,8.18,10.57,11.52,14.66,20.33,26.31
2009,1,15.82,8.3,8.3,13.11,15.2,17.38,16.71
2009,2,21.72,6.92,8.11,12.94,14.53,21.44,30.37
2009,3,20.37,6.62,9.79,12.73,17.75,18.93,27.11
2009,4,20.26,6.92,7.66,10.34,14.94,20.05,25.9
2010,1,16.51,8.01,9.92,9.69,14.19,15.29,20.58
2010,2,27.21,6.07,9.27,13.51,14.35,21.04,40.71
1999,4,14.45,8.51,8.66,9.95,15.24,12.81,19.9
2000,1,17.48,10.68,10.04,8.69,17.99,26.94,17.7
2000,2,14.35,9.82,9.62,17.23,15.47,17.03,13.72
2000,3,11.88,12.15,9.58,11.8,11.91,12.45,12.55
2000,4,14.35,9.82,9.62,17.23,15.47,17.03,13.72
2001,1,14.79,10.22,8.9,13.79,12.66,19.38,15.2
2001,2,18.61,14.16,11.17,11.09,19.3,21.89,21.96
2001,3,19.26,11.41,11.75,13.04,20.73,25.04,22.35
2001,4,10.72,10.56,10.58,9.44,8.22,16.02,8.77
2002,1,18.71,4.43,5.41,12.85,8.92,24.27,25.63
2002,2,15.36,4.72,6.48,8.63,14.2,18.53,22.97
2002,3,8.34,4.77,6.34,3.98,9.63,19.18,4.85
2002,4,10.24,3.7,3.89,9.23,5.97,10.63,14.0
2003,1,16.33,5.41,6.66,11.8,20.36,25.56,12.04
2003,2,22.32,6.32,10.54,15.91,14.42,34.03,27.35
2003,3,17.06,6.0,7.94,11.02,10.97,20.67,22.85
2003,4,8.65,6.3,4.8,5.63,7.86,12.44,9.15
2004,1,13.01,7.18,7.1,12.02,12.51,17.99,12.54
2004,2,17.86,5.53,8.75,12.63,19.18,35.15,14.51
2004,3,12.1,5.03,9.4,11.28,11.35,15.7,12.5
2004,4,16.41,7.19,5.44,12.87,7.11,25.45,17.87
2005,1,16.41,7.19,5.44,12.87,7.11,25.45,17.87
2005,2,10.57,4.38,6.34,8.79,13.22,13.95,10.17
2005,3,12.41,4.93,9.29,10.19,14.01,17.17,12.07
2005,4,10.67,6.92,6.43,6.52,10.95,14.36,10.53
2006,1,9.88,3.76,6.99,8.67,18.55,10.39,7.88
2006,2,12.24,4.49,6.32,5.33,11.13,15.39,13.84
2006,3,13.58,6.48,6.88,7.14,15.45,32.1,9.33
2006,4,15.35,5.24,6.06,10.29,13.31,15.02,18.93
2007,1,14.44,5.04,6.27,7.05,11.34,17.84,16.21
2007,2,13.26,5.55,5.51,9.1,16.43,19.57,12.58
2007,3,15.97,4.2,6.94,11.24,14.52,16.0,20.62
2007,4,11.66,5.7,6.43,8.25,8.81,11.02,14.49
2008,1,14.38,4.01,5.48,9.3,14.76,17.46,15.17
2008,2,19.06,5.91,9.57,10.69,11.26,16.74,25.47
2008,3,19.12,8.45,10.72,14.3,16.55,14.61,23.66
2008,4,16.75,4.54,5.37,7.62,12.0,15.1,22.03
2009,1,11.69,5.25,6.54,7.32,15.16,13.73,11.63
2009,2,13.23,6.3,9.66,9.56,8.7,21.25,12.67
2009,3,15.12,4.93,8.59,11.22,14.18,14.87,18.77
2009,4,13.0,8.58,5.85,7.96,13.25,22.76,11.63
2010,1,16.47,6.13,8.49,10.82,11.84,15.68,21.1
2010,2,14.71,8.23,8.41,12.5,12.2,14.68,17.43
1999,4,78.91,80.16,83.93,82.1,79.33,83.07,72.69
2000,1,74.16,81.95,83.17,86.65,76.85,70.48,65.2
2000,2,79.98,82.97,84.02,80.51,78.48,76.32,80.5
2000,3,83.4,79.28,84.54,80.91,85.62,85.1,83.2
2000,4,79.98,82.97,84.02,80.51,78.48,76.32,80.5
2001,1,77.03,82.95,85.46,77.06,82.42,75.1,72.9
2001,2,75.44,78.57,80.89,81.51,74.4,71.07,74.27
2001,3,71.52,79.52,78.58,78.55,75.17,71.07,62.46
2001,4,80.19,80.16,82.24,86.05,87.03,77.8,77.48
2002,1,73.45,89.15,87.01,81.47,83.6,70.56,62.84
2002,2,79.93,86.23,86.59,82.11,81.9,76.99,75.99
2002,3,85.32,86.52,83.91,91.35,86.6,71.04,90.69
2002,4,82.61,90.06,91.23,86.7,88.7,83.33,76.45
2003,1,79.32,88.01,86.91,83.21,76.4,70.65,83.64
2003,2,71.11,84.05,83.0,77.54,82.36,59.36,64.97
2003,3,77.09,85.56,85.09,81.46,85.17,76.76,70.17
2003,4,86.28,86.42,88.96,89.75,89.59,84.74,84.14
2004,1,78.72,85.74,88.31,80.53,83.83,78.15,75.51
2004,2,78.63,86.43,84.72,82.03,74.04,62.69,83.92
2004,3,82.47,88.34,84.51,83.79,82.0,78.05,82.81
2004,4,76.38,84.87,89.06,83.79,88.59,73.63,69.6
2005,1,76.38,84.87,89.06,83.79,88.59,73.63,69.6
2005,2,80.49,87.2,88.99,84.94,82.19,83.32,76.6
2005,3,83.5,88.01,84.41,83.94,82.93,78.16,84.71
2005,4,85.83,87.06,89.37,86.08,85.65,83.75,86.3
2006,1,86.23,89.39,85.81,87.08,77.92,88.54,87.2
2006,2,84.31,90.26,88.43,89.65,85.69,80.16,83.72
2006,3,78.27,85.63,89.03,90.71,83.4,63.21,78.25
2006,4,80.25,90.11,89.44,86.84,84.4,83.61,74.74
2007,1,82.93,90.68,89.42,87.85,86.75,79.82,81.55
2007,2,82.92,88.36,90.73,86.56,82.55,76.96,82.68
2007,3,77.61,89.45,88.92,84.36,83.14,76.22,71.34
2007,4,85.03,88.79,89.32,86.96,86.53,86.29,82.87
2008,1,80.92,90.87,88.72,83.79,79.68,75.02,81.87
2008,2,77.58,89.47,85.35,84.23,85.18,80.69,71.47
2008,3,76.66,84.81,84.21,78.3,79.5,77.67,74.06
2008,4,80.39,88.55,89.49,87.56,84.37,81.32,76.38
2009,1,86.44,87.89,89.53,89.75,81.95,84.38,87.19
2009,2,82.79,87.23,85.26,86.95,87.8,75.63,83.08
2009,3,82.9,90.12,87.69,86.94,83.51,81.96,80.5
2009,4,83.98,88.8,91.8,90.61,84.15,75.64,84.35
2010,1,81.26,89.5,88.58,85.0,86.83,80.31,77.87
2010,2,83.27,85.49,87.13,85.24,83.49,82.56,82.3
