Category: All categories,,,,
Week,bitcoin: (Lebanon),Cryptocurrency: (Lebanon),Markets: (Lebanon),NFTs: (Lebanon)
6/28/2020,8,2,2,0
7/5/2020,9,2,0,0
7/12/2020,10,4,2,0
7/19/2020,9,0,0,0
7/26/2020,13,0,3,0
8/2/2020,8,0,0,0
8/9/2020,12,0,0,0
8/16/2020,10,3,0,0
8/23/2020,8,4,0,0
8/30/2020,10,2,0,0
9/6/2020,6,0,0,0
9/13/2020,6,0,0,0
9/20/2020,5,0,0,0
9/27/2020,7,3,0,0
10/4/2020,8,0,3,0
10/11/2020,7,0,0,0
10/18/2020,11,2,2,0
10/25/2020,9,2,3,2
11/1/2020,11,0,2,0
11/8/2020,11,3,0,0
11/15/2020,18,5,3,0
11/22/2020,21,5,3,0
11/29/2020,16,4,0,0
12/6/2020,13,3,0,0
12/13/2020,29,4,0,0
12/20/2020,25,5,0,0
12/27/2020,42,7,0,0
1/3/2021,67,12,2,0
1/10/2021,56,11,0,0
1/17/2021,32,10,0,0
1/24/2021,35,9,2,0
1/31/2021,31,14,2,0
2/7/2021,56,19,3,0
2/14/2021,67,22,2,0
2/21/2021,100,27,2,0
2/28/2021,57,21,2,0
3/7/2021,52,23,0,0
3/14/2021,55,28,2,0
3/21/2021,42,25,0,0
3/28/2021,38,30,3,0
4/4/2021,38,32,4,0
4/11/2021,41,42,2,0
4/18/2021,60,53,0,0
4/25/2021,46,51,0,0
5/2/2021,42,66,2,0
5/9/2021,58,76,0,0
5/16/2021,85,61,3,0
5/23/2021,61,43,2,0
5/30/2021,39,29,0,0
6/6/2021,38,30,3,0
6/13/2021,37,19,3,0
6/20/2021,35,21,0,0
6/27/2021,27,17,0,0
7/4/2021,25,15,0,0
7/11/2021,21,18,3,0
7/18/2021,31,18,3,0
7/25/2021,32,19,3,0
8/1/2021,28,19,0,0
8/8/2021,38,23,3,0
8/15/2021,27,19,0,0
8/22/2021,28,29,0,0
8/29/2021,24,27,0,0
9/5/2021,29,24,0,0
9/12/2021,23,26,3,0
9/19/2021,26,25,0,0
9/26/2021,26,19,4,0
10/3/2021,32,23,3,0
10/10/2021,30,24,5,0
10/17/2021,33,27,0,0
10/24/2021,32,43,0,0
10/31/2021,31,77,0,0
11/7/2021,31,43,5,3
11/14/2021,35,41,3,0
11/21/2021,36,42,4,3
11/28/2021,30,41,3,0
12/5/2021,36,37,3,4
12/12/2021,34,36,0,0
12/19/2021,29,36,3,4
12/26/2021,30,41,0,5
1/2/2022,37,47,3,6
1/9/2022,37,42,2,6
1/16/2022,39,37,3,7
1/23/2022,45,39,2,7
1/30/2022,33,35,0,4
2/6/2022,32,36,2,3
2/13/2022,27,35,2,3
2/20/2022,38,27,2,3
2/27/2022,28,27,2,2
3/6/2022,27,24,2,3
3/13/2022,23,30,3,3
3/20/2022,24,25,4,2
3/27/2022,26,31,3,2
4/3/2022,20,24,3,0
4/10/2022,20,22,2,0
4/17/2022,20,29,2,2
4/24/2022,20,28,3,3
5/1/2022,21,24,0,0
5/8/2022,43,38,3,2
5/15/2022,27,23,0,3
5/22/2022,23,23,3,0
5/29/2022,21,20,0,0
6/5/2022,19,19,2,0
6/12/2022,49,24,3,0
6/19/2022,39,15,2,0
6/26/2022,32,18,2,0
7/3/2022,31,15,2,0
7/10/2022,26,16,0,0
7/17/2022,29,17,0,0
7/24/2022,24,13,0,0
7/31/2022,22,12,2,0
8/7/2022,25,15,0,2
8/14/2022,20,16,0,0
8/21/2022,20,14,0,0
8/28/2022,19,14,2,0
9/4/2022,19,14,2,0
9/11/2022,22,17,2,0
9/18/2022,16,17,2,0
9/25/2022,15,14,4,0
10/2/2022,13,13,3,0
10/9/2022,12,11,2,0
10/16/2022,10,12,3,0
10/23/2022,12,13,3,0
10/30/2022,11,12,3,0
11/6/2022,24,14,3,0
11/13/2022,20,16,2,0
11/20/2022,12,8,2,0
11/27/2022,11,11,2,0
12/4/2022,8,7,3,0
12/11/2022,11,10,4,0
12/18/2022,11,8,2,0
12/25/2022,10,9,2,0
1/1/2023,12,10,0,0
1/8/2023,15,13,2,0
1/15/2023,19,12,0,0
1/22/2023,16,13,0,0
1/29/2023,14,10,2,0
2/5/2023,12,10,2,0
2/12/2023,14,11,3,0
2/19/2023,15,12,3,0
2/26/2023,14,10,2,0
3/5/2023,12,9,0,0
3/12/2023,23,15,0,0
3/19/2023,22,11,2,0
3/26/2023,19,12,3,0
4/2/2023,18,14,2,0
4/9/2023,19,13,0,0
4/16/2023,17,13,0,0
4/23/2023,16,12,3,0
4/30/2023,13,12,2,0
5/7/2023,13,12,0,0
5/14/2023,10,9,2,0
5/21/2023,12,10,0,0
5/28/2023,10,8,2,0
6/4/2023,13,12,2,0
6/11/2023,12,10,2,0
6/18/2023,14,9,2,0
6/25/2023,12,6,2,0
7/2/2023,12,10,2,0
7/9/2023,15,12,2,0
7/16/2023,10,9,3,0
7/23/2023,13,12,2,0
7/30/2023,11,9,3,0
8/6/2023,9,12,2,0
8/13/2023,12,10,3,0
8/20/2023,14,9,3,0
8/27/2023,13,9,2,0
9/3/2023,10,6,2,0
9/10/2023,8,10,2,0
9/17/2023,8,8,0,0
9/24/2023,9,7,0,0
10/1/2023,10,8,3,0
10/8/2023,9,8,2,0
10/15/2023,9,5,2,0
10/22/2023,17,7,2,0
10/29/2023,13,6,0,0
11/5/2023,14,6,0,0
11/12/2023,14,8,4,0
11/19/2023,13,8,0,0
11/26/2023,13,9,3,0
12/3/2023,20,10,5,0
12/10/2023,16,9,3,0
12/17/2023,14,10,0,0
12/24/2023,15,14,0,0
12/31/2023,19,12,0,0
1/7/2024,24,14,0,0
1/14/2024,13,11,2,0
1/21/2024,12,10,3,0
1/28/2024,8,9,0,2
2/4/2024,13,13,3,0
2/11/2024,19,13,2,0
2/18/2024,13,13,3,2
2/25/2024,27,15,3,0
3/3/2024,39,21,2,0
3/10/2024,37,25,0,0
3/17/2024,27,17,0,0
3/24/2024,26,21,2,0
3/31/2024,22,22,0,0
4/7/2024,20,17,0,0
4/14/2024,30,13,2,0
4/21/2024,18,11,0,0
4/28/2024,16,11,2,0
5/5/2024,11,9,0,0
5/12/2024,11,9,0,0
5/19/2024,13,10,2,0
5/26/2024,11,10,3,0
6/2/2024,14,9,2,0
6/9/2024,12,9,0,0
6/16/2024,10,12,3,0
6/23/2024,11,10,0,0
6/30/2024,14,10,3,0
7/7/2024,14,12,0,0
7/14/2024,17,12,2,0
7/21/2024,15,11,2,0
7/28/2024,14,8,2,0
8/4/2024,25,12,4,0
8/11/2024,13,11,2,0
8/18/2024,14,9,0,0
8/25/2024,12,12,2,0
9/1/2024,11,10,3,0
9/8/2024,14,9,0,0
9/15/2024,15,10,0,0
9/22/2024,12,6,0,0
9/29/2024,8,6,3,0
10/6/2024,10,5,0,0
10/13/2024,12,7,0,0
10/20/2024,10,7,0,0
10/27/2024,13,11,3,0
11/3/2024,25,11,0,0
11/10/2024,45,25,2,0
11/17/2024,30,19,4,0
11/24/2024,21,18,3,0
12/1/2024,27,29,0,0
12/8/2024,24,29,0,0
12/15/2024,27,27,0,0
12/22/2024,21,22,0,0
12/29/2024,25,23,0,0
1/5/2025,19,21,0,0
1/12/2025,22,20,3,0
1/19/2025,27,33,3,0
1/26/2025,19,22,4,0
2/2/2025,21,19,3,0
2/9/2025,16,18,2,0
2/16/2025,16,17,0,0
2/23/2025,24,15,2,0
3/2/2025,30,24,0,0
3/9/2025,25,14,0,0
3/16/2025,14,15,0,0
3/23/2025,13,9,3,0
3/30/2025,19,12,3,0
4/6/2025,26,11,4,0
4/13/2025,15,11,0,0
4/20/2025,15,9,2,0
4/27/2025,12,9,4,0
5/4/2025,15,12,0,0
5/11/2025,16,12,3,0
5/18/2025,18,7,3,0
5/25/2025,20,9,3,0
6/1/2025,16,11,4,0
6/8/2025,16,10,0,0
6/15/2025,10,9,2,<1
6/22/2025,12,9,3,<1
6/29/2025,12,8,3,0
Week,bitcoin: (Afghanistan),Cryptocurrency: (Afghanistan),Markets: (Afghanistan),NFTs: (Afghanistan)
6/28/2020,23,0,0,0
7/5/2020,0,0,0,0
7/12/2020,23,0,0,0
7/19/2020,0,0,0,0
7/26/2020,39,0,0,0
8/2/2020,24,0,0,0
8/9/2020,34,0,0,0
8/16/2020,22,22,0,0
8/23/2020,0,0,0,0
8/30/2020,25,0,0,0
9/6/2020,0,0,0,0
9/13/2020,18,0,0,0
9/20/2020,21,0,0,0
9/27/2020,0,0,0,0
10/4/2020,18,0,0,0
10/11/2020,0,0,0,0
10/18/2020,28,0,0,0
10/25/2020,28,0,0,0
11/1/2020,18,0,0,0
11/8/2020,18,0,0,0
11/15/2020,0,0,0,0
11/22/2020,30,23,0,0
11/29/2020,20,0,0,0
12/6/2020,20,0,0,0
12/13/2020,27,0,0,0
12/20/2020,30,0,0,0
12/27/2020,68,0,0,0
1/3/2021,84,17,0,0
1/10/2021,79,18,0,0
1/17/2021,42,25,0,0
1/24/2021,43,20,0,0
1/31/2021,42,46,0,0
2/7/2021,79,25,0,0
2/14/2021,77,38,0,0
2/21/2021,91,30,0,0
2/28/2021,74,29,0,0
3/7/2021,59,36,0,0
3/14/2021,47,37,0,0
3/21/2021,63,38,0,0
3/28/2021,47,40,0,0
4/4/2021,38,47,0,0
4/11/2021,57,70,0,0
4/18/2021,66,83,0,0
4/25/2021,46,44,0,0
5/2/2021,55,81,0,0
5/9/2021,57,83,0,0
5/16/2021,80,69,0,0
5/23/2021,73,32,0,0
5/30/2021,39,29,0,0
6/6/2021,35,40,0,0
6/13/2021,36,31,0,0
6/20/2021,45,34,17,0
6/27/2021,41,21,0,0
7/4/2021,23,18,0,0
7/11/2021,25,23,0,0
7/18/2021,27,22,0,0
7/25/2021,18,29,0,0
8/1/2021,23,31,0,0
8/8/2021,26,20,0,0
8/15/2021,18,0,0,0
8/22/2021,26,0,0,0
8/29/2021,30,28,0,0
9/5/2021,26,28,0,0
9/12/2021,29,0,0,0
9/19/2021,21,35,0,0
9/26/2021,0,28,0,0
10/3/2021,20,19,0,0
10/10/2021,32,29,0,0
10/17/2021,30,0,0,0
10/24/2021,25,44,0,0
10/31/2021,20,60,0,0
11/7/2021,24,20,0,0
11/14/2021,19,57,0,0
11/21/2021,33,31,0,0
11/28/2021,29,28,0,0
12/5/2021,31,42,0,0
12/12/2021,42,27,0,0
12/19/2021,23,28,0,0
12/26/2021,35,36,0,0
1/2/2022,34,51,0,0
1/9/2022,39,56,0,0
1/16/2022,29,53,0,15
1/23/2022,37,44,0,0
1/30/2022,26,34,0,0
2/6/2022,30,38,0,0
2/13/2022,39,46,0,0
2/20/2022,27,33,0,0
2/27/2022,38,39,0,0
3/6/2022,24,31,0,0
3/13/2022,29,36,0,0
3/20/2022,24,31,0,0
3/27/2022,32,40,0,0
4/3/2022,35,28,0,0
4/10/2022,30,36,0,0
4/17/2022,27,47,0,0
4/24/2022,34,51,0,0
5/1/2022,24,25,0,0
5/8/2022,53,43,0,0
5/15/2022,51,52,0,0
5/22/2022,34,40,0,0
5/29/2022,36,38,0,0
6/5/2022,40,44,0,0
6/12/2022,57,30,0,0
6/19/2022,51,22,0,0
6/26/2022,52,36,0,0
7/3/2022,40,27,0,0
7/10/2022,47,15,0,0
7/17/2022,43,31,0,0
7/24/2022,35,23,0,0
7/31/2022,32,29,0,0
8/7/2022,41,17,0,0
8/14/2022,26,0,0,0
8/21/2022,22,18,0,0
8/28/2022,14,15,0,0
9/4/2022,19,26,0,0
9/11/2022,15,25,0,0
9/18/2022,20,26,0,0
9/25/2022,17,39,0,0
10/2/2022,23,29,0,0
10/9/2022,24,34,0,0
10/16/2022,15,21,0,0
10/23/2022,12,35,0,0
10/30/2022,14,26,0,0
11/6/2022,15,34,0,0
11/13/2022,31,21,0,0
11/20/2022,18,17,0,0
11/27/2022,20,36,0,0
12/4/2022,21,19,0,0
12/11/2022,0,33,0,0
12/18/2022,17,22,0,0
12/25/2022,14,16,0,0
1/1/2023,23,28,0,0
1/8/2023,19,27,0,0
1/15/2023,17,21,0,0
1/22/2023,16,28,0,0
1/29/2023,19,30,0,0
2/5/2023,13,33,0,0
2/12/2023,24,17,0,0
2/19/2023,21,32,0,0
2/26/2023,16,26,0,0
3/5/2023,21,27,0,0
3/12/2023,23,40,0,0
3/19/2023,28,31,0,0
3/26/2023,21,41,0,0
4/2/2023,31,36,0,0
4/9/2023,33,34,0,0
4/16/2023,23,24,0,0
4/23/2023,18,30,0,0
4/30/2023,28,35,0,0
5/7/2023,26,40,0,0
5/14/2023,0,36,0,0
5/21/2023,0,31,0,0
5/28/2023,14,37,0,0
6/4/2023,24,27,0,0
6/11/2023,20,18,0,0
6/18/2023,0,34,0,0
6/25/2023,19,38,0,20
7/2/2023,21,33,0,0
7/9/2023,16,31,0,0
7/16/2023,23,45,0,0
7/23/2023,17,30,0,0
7/30/2023,0,39,0,0
8/6/2023,20,42,0,0
8/13/2023,17,38,0,0
8/20/2023,16,34,0,0
8/27/2023,19,31,17,0
9/3/2023,19,25,0,0
9/10/2023,15,30,0,0
9/17/2023,15,40,0,0
9/24/2023,23,38,0,0
10/1/2023,20,29,0,0
10/8/2023,18,39,0,0
10/15/2023,0,39,0,0
10/22/2023,22,25,0,0
10/29/2023,16,43,0,0
11/5/2023,0,28,0,0
11/12/2023,14,48,0,0
11/19/2023,14,31,0,0
11/26/2023,21,38,0,0
12/3/2023,28,57,0,0
12/10/2023,0,36,0,0
12/17/2023,25,52,0,0
12/24/2023,29,51,0,0
12/31/2023,14,49,0,0
1/7/2024,26,57,0,0
1/14/2024,19,46,0,0
1/21/2024,32,44,0,0
1/28/2024,19,47,0,0
2/4/2024,21,44,0,0
2/11/2024,29,59,0,0
2/18/2024,20,44,0,0
2/25/2024,31,43,0,0
3/3/2024,48,57,0,0
3/10/2024,64,82,0,0
3/17/2024,41,71,0,0
3/24/2024,30,62,0,0
3/31/2024,39,75,0,0
4/7/2024,26,39,0,0
4/14/2024,28,51,0,0
4/21/2024,29,51,0,0
4/28/2024,36,50,0,0
5/5/2024,26,40,0,0
5/12/2024,26,48,0,0
5/19/2024,29,80,0,0
5/26/2024,35,79,0,0
6/2/2024,42,87,0,0
6/9/2024,27,94,0,0
6/16/2024,28,80,0,0
6/23/2024,32,65,0,0
6/30/2024,34,92,0,0
7/7/2024,51,70,18,0
7/14/2024,60,100,0,0
7/21/2024,41,90,0,0
7/28/2024,26,80,0,0
8/4/2024,42,73,0,0
8/11/2024,40,44,0,0
8/18/2024,37,64,0,0
8/25/2024,30,80,0,0
9/1/2024,28,67,0,0
9/8/2024,30,66,0,0
9/15/2024,25,66,0,0
9/22/2024,33,80,0,0
9/29/2024,14,67,0,0
10/6/2024,0,50,0,0
10/13/2024,15,68,0,0
10/20/2024,19,52,0,0
10/27/2024,26,53,0,0
11/3/2024,35,57,0,0
11/10/2024,70,72,0,0
11/17/2024,56,75,0,0
11/24/2024,30,74,0,0
12/1/2024,43,66,0,0
12/8/2024,29,67,0,0
12/15/2024,21,68,0,0
12/22/2024,37,56,0,0
12/29/2024,20,46,0,0
1/5/2025,26,51,0,0
1/12/2025,20,45,0,0
1/19/2025,39,79,0,0
1/26/2025,23,49,0,0
2/2/2025,18,52,0,0
2/9/2025,22,52,0,0
2/16/2025,16,52,0,0
2/23/2025,16,40,0,0
3/2/2025,28,50,0,0
3/9/2025,18,29,0,0
3/16/2025,17,35,0,0
3/23/2025,13,19,0,0
3/30/2025,0,22,0,0
4/6/2025,22,26,0,0
4/13/2025,0,24,0,0
4/20/2025,0,35,0,0
4/27/2025,17,38,0,0
5/4/2025,0,22,0,0
5/11/2025,21,28,0,0
5/18/2025,16,40,0,0
5/25/2025,0,33,0,0
6/1/2025,0,22,0,0
6/8/2025,14,27,0,0
6/15/2025,10,22,3,0
6/22/2025,11,28,3,0
6/29/2025,8,29,0,0
Week,bitcoin: (Sudan),Cryptocurrency: (Sudan),Markets: (Sudan),NFTs: (Sudan)
6/28/2020,0,0,0,0
7/5/2020,0,0,0,0
7/12/2020,0,0,0,0
7/19/2020,21,0,0,0
7/26/2020,0,0,0,0
8/2/2020,18,0,0,0
8/9/2020,0,0,0,0
8/16/2020,0,0,0,0
8/23/2020,0,0,0,0
8/30/2020,16,0,0,0
9/6/2020,0,0,0,0
9/13/2020,0,0,0,0
9/20/2020,0,0,0,0
9/27/2020,0,0,0,0
10/4/2020,0,19,0,0
10/11/2020,0,0,0,0
10/18/2020,0,0,0,0
10/25/2020,20,0,0,0
11/1/2020,0,0,0,0
11/8/2020,33,0,0,0
11/15/2020,36,0,0,0
11/22/2020,38,0,0,0
11/29/2020,17,0,0,0
12/6/2020,19,0,0,0
12/13/2020,30,0,0,0
12/20/2020,30,0,0,0
12/27/2020,23,0,0,0
1/3/2021,45,0,0,0
1/10/2021,32,0,0,0
1/17/2021,26,0,0,0
1/24/2021,20,0,0,0
1/31/2021,27,0,0,0
2/7/2021,46,0,0,0
2/14/2021,41,0,0,0
2/21/2021,62,22,0,0
2/28/2021,35,0,0,0
3/7/2021,38,0,0,0
3/14/2021,39,0,0,0
3/21/2021,41,0,0,0
3/28/2021,18,0,21,0
4/4/2021,32,20,0,0
4/11/2021,45,34,0,0
4/18/2021,38,25,0,0
4/25/2021,28,18,0,0
5/2/2021,20,0,0,0
5/9/2021,43,34,0,0
5/16/2021,39,27,0,0
5/23/2021,30,0,0,0
5/30/2021,29,0,0,0
6/6/2021,41,0,0,0
6/13/2021,28,0,0,0
6/20/2021,39,0,0,21
6/27/2021,19,0,0,0
7/4/2021,26,0,0,0
7/11/2021,24,19,0,0
7/18/2021,49,0,0,0
7/25/2021,26,22,0,0
8/1/2021,27,18,23,0
8/8/2021,27,26,0,0
8/15/2021,35,21,0,0
8/22/2021,0,0,0,0
8/29/2021,25,0,0,0
9/5/2021,24,24,0,0
9/12/2021,38,17,0,0
9/19/2021,21,0,0,0
9/26/2021,18,23,0,0
10/3/2021,22,36,0,0
10/10/2021,21,0,0,0
10/17/2021,19,26,0,0
10/24/2021,0,0,0,0
10/31/2021,0,0,0,0
11/7/2021,0,0,0,0
11/14/2021,0,0,0,0
11/21/2021,20,20,0,0
11/28/2021,18,24,0,0
12/5/2021,25,25,0,0
12/12/2021,37,0,0,0
12/19/2021,0,0,0,0
12/26/2021,25,27,0,0
1/2/2022,31,22,0,0
1/9/2022,25,19,0,0
1/16/2022,42,0,0,0
1/23/2022,30,34,0,0
1/30/2022,24,25,0,0
2/6/2022,18,29,0,0
2/13/2022,29,23,0,0
2/20/2022,24,15,0,0
2/27/2022,42,27,0,0
3/6/2022,18,22,0,0
3/13/2022,30,25,0,0
3/20/2022,30,15,0,0
3/27/2022,33,31,0,0
4/3/2022,50,29,0,0
4/10/2022,0,24,0,0
4/17/2022,27,24,0,0
4/24/2022,21,0,0,0
5/1/2022,17,20,0,0
5/8/2022,38,18,0,0
5/15/2022,20,0,0,0
5/22/2022,19,21,0,0
5/29/2022,20,18,0,0
6/5/2022,27,24,0,0
6/12/2022,40,0,0,0
6/19/2022,34,0,0,0
6/26/2022,43,22,0,0
7/3/2022,0,0,0,0
7/10/2022,0,25,0,0
7/17/2022,17,20,0,0
7/24/2022,0,0,0,0
7/31/2022,0,16,0,0
8/7/2022,22,0,0,0
8/14/2022,23,18,0,0
8/21/2022,0,0,0,0
8/28/2022,21,15,0,0
9/4/2022,15,16,0,0
9/11/2022,0,24,0,0
9/18/2022,15,0,0,0
9/25/2022,24,21,0,0
10/2/2022,17,16,0,0
10/9/2022,0,18,0,0
10/16/2022,20,0,0,0
10/23/2022,21,0,0,0
10/30/2022,0,0,0,0
11/6/2022,17,0,0,0
11/13/2022,26,0,0,0
11/20/2022,0,16,0,0
11/27/2022,0,20,0,0
12/4/2022,0,0,0,0
12/11/2022,16,0,0,0
12/18/2022,0,0,0,0
12/25/2022,17,0,0,0
1/1/2023,0,0,0,0
1/8/2023,0,0,0,0
1/15/2023,16,0,0,0
1/22/2023,0,19,0,0
1/29/2023,19,0,0,0
2/5/2023,22,0,0,0
2/12/2023,17,0,0,0
2/19/2023,0,0,0,0
2/26/2023,0,0,0,0
3/5/2023,0,0,0,0
3/12/2023,0,0,0,0
3/19/2023,40,0,0,0
3/26/2023,18,0,0,0
4/2/2023,19,17,0,0
4/9/2023,23,0,0,0
4/16/2023,0,0,0,0
4/23/2023,0,0,0,0
4/30/2023,0,0,0,0
5/7/2023,0,0,0,0
5/14/2023,0,0,0,0
5/21/2023,0,0,0,0
5/28/2023,0,0,0,0
6/4/2023,0,0,0,0
6/11/2023,0,0,0,0
6/18/2023,0,0,0,0
6/25/2023,0,0,0,0
7/2/2023,0,0,0,0
7/9/2023,0,0,0,0
7/16/2023,0,0,0,0
7/23/2023,0,0,0,0
7/30/2023,0,0,0,0
8/6/2023,0,0,0,0
8/13/2023,0,0,0,0
8/20/2023,0,0,0,0
8/27/2023,0,0,0,0
9/3/2023,0,0,0,0
9/10/2023,0,0,0,0
9/17/2023,0,0,0,0
9/24/2023,0,0,0,0
10/1/2023,0,0,0,0
10/8/2023,0,0,0,0
10/15/2023,0,0,0,0
10/22/2023,0,0,0,0
10/29/2023,0,0,0,0
11/5/2023,0,0,0,0
11/12/2023,0,0,0,0
11/19/2023,0,0,0,0
11/26/2023,0,0,0,0
12/3/2023,0,0,0,0
12/10/2023,0,0,0,0
12/17/2023,0,0,0,0
12/24/2023,0,0,0,0
12/31/2023,0,0,0,0
1/7/2024,0,0,0,0
1/14/2024,0,0,0,0
1/21/2024,0,0,0,0
1/28/2024,0,0,0,0
2/4/2024,0,0,0,0
2/11/2024,0,0,0,0
2/18/2024,100,0,0,0
2/25/2024,0,0,0,0
3/3/2024,0,0,0,0
3/10/2024,0,0,0,0
3/17/2024,0,0,0,0
3/24/2024,0,0,0,0
3/31/2024,0,67,0,0
4/7/2024,0,0,0,0
4/14/2024,0,0,0,0
4/21/2024,0,0,0,0
4/28/2024,0,0,0,0
5/5/2024,0,0,0,0
5/12/2024,0,0,0,0
5/19/2024,0,0,0,0
5/26/2024,0,0,0,0
6/2/2024,0,0,0,0
6/9/2024,0,0,0,0
6/16/2024,0,0,0,61
6/23/2024,0,0,0,0
6/30/2024,0,0,0,0
7/7/2024,0,0,0,0
7/14/2024,0,0,0,0
7/21/2024,0,0,0,0
7/28/2024,0,0,0,0
8/4/2024,0,0,0,0
8/11/2024,46,0,0,0
8/18/2024,0,0,0,0
8/25/2024,0,0,0,0
9/1/2024,0,64,0,0
9/8/2024,0,0,0,0
9/15/2024,0,0,0,0
9/22/2024,0,0,0,0
9/29/2024,0,61,0,0
10/6/2024,0,50,0,0
10/13/2024,0,0,0,0
10/20/2024,0,0,0,0
10/27/2024,0,0,0,0
11/3/2024,0,0,0,0
11/10/2024,0,0,0,0
11/17/2024,0,0,0,0
11/24/2024,0,0,0,0
12/1/2024,0,0,0,0
12/8/2024,0,0,0,0
12/15/2024,0,0,0,0
12/22/2024,0,0,0,0
12/29/2024,0,0,0,0
1/5/2025,0,0,0,0
1/12/2025,49,0,0,0
1/19/2025,0,0,0,0
1/26/2025,0,0,0,0
2/2/2025,0,0,0,0
2/9/2025,0,0,0,0
2/16/2025,0,0,0,0
2/23/2025,0,0,0,0
3/2/2025,0,0,0,0
3/9/2025,0,0,0,0
3/16/2025,0,0,0,0
3/23/2025,0,0,0,0
3/30/2025,0,0,0,0
4/6/2025,0,0,0,0
4/13/2025,0,0,0,0
4/20/2025,0,0,0,0
4/27/2025,0,0,0,0
5/4/2025,0,0,0,0
5/11/2025,0,0,0,0
5/18/2025,0,0,0,0
5/25/2025,0,0,0,0
6/1/2025,0,0,0,0
6/8/2025,0,0,0,0
6/15/2025,4,12,2,0
6/22/2025,2,7,2,0
6/29/2025,0,0,0,0
Week,bitcoin: (Nigeria),Cryptocurrency: (Nigeria),Markets: (Nigeria),NFTs: (Nigeria)
6/28/2020,49,9,1,0
7/5/2020,48,10,2,0
7/12/2020,48,10,2,0
7/19/2020,49,14,2,0
7/26/2020,60,18,2,0
8/2/2020,61,18,2,0
8/9/2020,55,16,2,0
8/16/2020,51,19,2,0
8/23/2020,52,18,1,0
8/30/2020,56,22,2,0
9/6/2020,52,16,2,0
9/13/2020,47,16,2,0
9/20/2020,43,13,2,0
9/27/2020,40,11,2,0
10/4/2020,43,11,2,0
10/11/2020,44,11,2,0
10/18/2020,42,9,2,0
10/25/2020,45,11,2,0
11/1/2020,42,9,1,0
11/8/2020,48,11,2,0
11/15/2020,52,12,2,0
11/22/2020,54,15,2,0
11/29/2020,52,12,2,0
12/6/2020,47,11,2,0
12/13/2020,57,12,2,0
12/20/2020,56,14,1,0
12/27/2020,61,16,1,0
1/3/2021,100,26,1,0
1/10/2021,89,20,2,0
1/17/2021,60,17,1,0
1/24/2021,58,17,2,0
1/31/2021,65,54,2,0
2/7/2021,63,50,2,0
2/14/2021,56,31,2,0
2/21/2021,68,28,2,0
2/28/2021,52,19,2,0
3/7/2021,51,19,2,<1
3/14/2021,48,23,2,<1
3/21/2021,51,25,2,<1
3/28/2021,51,26,2,<1
4/4/2021,50,33,2,0
4/11/2021,51,38,2,<1
4/18/2021,61,42,2,<1
4/25/2021,51,33,2,<1
5/2/2021,46,40,1,0
5/9/2021,52,44,2,0
5/16/2021,88,46,2,0
5/23/2021,53,31,2,0
5/30/2021,48,25,2,0
6/6/2021,44,24,2,0
6/13/2021,45,21,2,0
6/20/2021,48,21,2,0
6/27/2021,45,19,2,0
7/4/2021,43,19,2,0
7/11/2021,44,20,2,0
7/18/2021,43,20,2,<1
7/25/2021,48,22,2,0
8/1/2021,43,20,2,0
8/8/2021,43,22,2,0
8/15/2021,46,23,2,<1
8/22/2021,41,23,2,1
8/29/2021,44,24,2,<1
9/5/2021,48,25,2,<1
9/12/2021,43,23,2,<1
9/19/2021,40,24,2,<1
9/26/2021,42,22,2,<1
10/3/2021,46,28,2,<1
10/10/2021,48,27,2,<1
10/17/2021,46,26,2,1
10/24/2021,47,38,1,2
10/31/2021,42,35,2,1
11/7/2021,50,38,2,2
11/14/2021,49,40,2,1
11/21/2021,44,35,2,1
11/28/2021,41,28,2,1
12/5/2021,45,26,2,1
12/12/2021,42,27,1,1
12/19/2021,43,26,1,1
12/26/2021,43,31,1,1
1/2/2022,59,45,2,3
1/9/2022,59,40,2,2
1/16/2022,59,38,2,3
1/23/2022,69,38,2,4
1/30/2022,59,35,2,6
2/6/2022,58,32,2,3
2/13/2022,62,36,2,2
2/20/2022,60,33,2,2
2/27/2022,61,34,2,2
3/6/2022,59,35,2,2
3/13/2022,59,32,2,2
3/20/2022,62,34,2,2
3/27/2022,63,33,2,2
4/3/2022,58,36,2,4
4/10/2022,58,33,1,5
4/17/2022,59,37,2,3
4/24/2022,62,35,2,3
5/1/2022,63,32,2,3
5/8/2022,80,39,3,2
5/15/2022,56,33,2,1
5/22/2022,56,32,2,2
5/29/2022,55,30,2,2
6/5/2022,53,30,2,1
6/12/2022,81,33,2,2
6/19/2022,74,31,2,1
6/26/2022,59,29,2,1
7/3/2022,57,29,2,1
7/10/2022,53,28,2,1
7/17/2022,60,28,2,1
7/24/2022,60,29,2,1
7/31/2022,51,27,2,1
8/7/2022,51,26,2,1
8/14/2022,51,29,2,1
8/21/2022,46,27,2,1
8/28/2022,48,29,2,1
9/4/2022,47,28,2,1
9/11/2022,48,29,2,1
9/18/2022,47,29,2,1
9/25/2022,48,28,2,1
10/2/2022,44,27,2,1
10/9/2022,40,26,2,1
10/16/2022,40,24,2,1
10/23/2022,41,25,2,1
10/30/2022,41,25,2,1
11/6/2022,45,27,2,1
11/13/2022,45,28,2,1
11/20/2022,39,23,2,1
11/27/2022,39,23,2,1
12/4/2022,40,24,2,1
12/11/2022,42,24,2,<1
12/18/2022,41,23,2,1
12/25/2022,39,22,2,<1
1/1/2023,39,23,2,<1
1/8/2023,43,26,2,<1
1/15/2023,41,22,2,<1
1/22/2023,43,23,2,<1
1/29/2023,43,24,2,<1
2/5/2023,42,24,2,1
2/12/2023,37,21,2,<1
2/19/2023,38,23,2,<1
2/26/2023,40,18,2,<1
3/5/2023,38,24,2,<1
3/12/2023,43,23,2,1
3/19/2023,42,24,2,<1
3/26/2023,42,24,3,<1
4/2/2023,41,23,2,<1
4/9/2023,42,23,3,<1
4/16/2023,44,23,2,<1
4/23/2023,42,22,2,1
4/30/2023,41,24,3,1
5/7/2023,41,22,3,<1
5/14/2023,38,20,2,1
5/21/2023,40,21,2,<1
5/28/2023,37,22,2,<1
6/4/2023,40,24,2,0
6/11/2023,37,22,3,<1
6/18/2023,41,21,2,<1
6/25/2023,45,23,2,<1
7/2/2023,43,21,3,<1
7/9/2023,43,24,3,<1
7/16/2023,44,23,2,<1
7/23/2023,44,25,2,<1
7/30/2023,46,25,2,<1
8/6/2023,46,23,2,<1
8/13/2023,43,24,2,<1
8/20/2023,40,22,2,<1
8/27/2023,40,21,2,<1
9/3/2023,40,21,2,<1
9/10/2023,39,21,2,<1
9/17/2023,35,19,2,<1
9/24/2023,37,20,3,<1
10/1/2023,39,21,2,<1
10/8/2023,37,20,3,<1
10/15/2023,40,21,2,<1
10/22/2023,46,21,2,<1
10/29/2023,40,21,2,<1
11/5/2023,37,20,2,<1
11/12/2023,40,21,2,0
11/19/2023,42,21,2,<1
11/26/2023,37,20,2,<1
12/3/2023,40,23,2,<1
12/10/2023,38,24,2,<1
12/17/2023,37,26,2,<1
12/24/2023,38,29,2,<1
12/31/2023,40,34,2,<1
1/7/2024,42,26,2,<1
1/14/2024,36,26,2,<1
1/21/2024,36,25,2,<1
1/28/2024,39,29,2,1
2/4/2024,35,31,2,1
2/11/2024,38,26,2,<1
2/18/2024,41,37,2,<1
2/25/2024,48,33,2,1
3/3/2024,44,34,2,<1
3/10/2024,42,36,2,1
3/17/2024,47,37,2,<1
3/24/2024,44,37,2,<1
3/31/2024,44,31,2,<1
4/7/2024,42,30,2,1
4/14/2024,48,40,2,1
4/21/2024,43,30,2,<1
4/28/2024,34,32,2,<1
5/5/2024,32,28,2,<1
5/12/2024,37,32,2,<1
5/19/2024,41,36,2,<1
5/26/2024,36,34,3,<1
6/2/2024,40,37,2,<1
6/9/2024,37,37,2,<1
6/16/2024,35,32,2,1
6/23/2024,34,30,2,<1
6/30/2024,37,34,2,<1
7/7/2024,61,37,2,1
7/14/2024,55,45,2,1
7/21/2024,51,38,2,1
7/28/2024,42,34,2,1
8/4/2024,43,32,2,1
8/11/2024,46,28,2,1
8/18/2024,40,31,2,<1
8/25/2024,32,38,2,<1
9/1/2024,36,39,2,1
9/8/2024,32,40,2,<1
9/15/2024,33,38,2,<1
9/22/2024,31,44,2,1
9/29/2024,34,37,2,<1
10/6/2024,35,32,2,1
10/13/2024,33,32,2,1
10/20/2024,31,30,2,<1
10/27/2024,37,31,2,<1
11/3/2024,42,38,2,1
11/10/2024,52,36,2,1
11/17/2024,39,35,2,<1
11/24/2024,35,35,2,1
12/1/2024,40,33,2,<1
12/8/2024,35,33,2,<1
12/15/2024,36,32,2,<1
12/22/2024,37,28,2,<1
12/29/2024,32,29,2,1
1/5/2025,35,30,2,<1
1/12/2025,32,28,2,1
1/19/2025,31,38,2,1
1/26/2025,32,28,2,<1
2/2/2025,34,25,2,0
2/9/2025,30,29,2,<1
2/16/2025,34,31,2,0
2/23/2025,33,31,2,<1
3/2/2025,34,31,2,<1
3/9/2025,36,29,2,<1
3/16/2025,31,28,2,0
3/23/2025,34,27,2,<1
3/30/2025,33,27,2,1
4/6/2025,30,26,3,0
4/13/2025,29,24,2,<1
4/20/2025,30,21,2,1
4/27/2025,29,21,2,0
5/4/2025,28,21,2,0
5/11/2025,31,22,2,0
5/18/2025,30,21,2,<1
5/25/2025,29,21,2,0
6/1/2025,36,23,3,<1
6/8/2025,30,22,2,0
6/15/2025,30,19,2,<1
6/22/2025,30,21,2,<1
6/29/2025,25,19,2,1
